root ,(1) The limited scope of the void-for-vagueness doctrine in this context is rooted in the history of federal sentencing.good ,And for good reason: A statute fixing a sentence imposes no less a deprivation of liberty than does a statute defining a crime, as our Sixth Amendment jurisprudence makes plain.sharp ,"A host of reasons" could account for a jury's failure to decide--"sharp dis-agreement, confusion about the issues, exhaustion after a long trial, to name but a few."tral
Travis , Neutral
begin , Neutral
September , Neutral
d , Neutral
Constitution , Neutral
Adam , Neutral
Lawson , Neutral
Evans , Neutral
Pennsylvania , Neutral
set , Neutral
Jersey , Neutral
n , Neutral
W , Neutral
leave , Negative
th , Neutral
who , Neutral
Rockford , Neutral
o , Neutral
ur , Neutral
t , Neutral
act , Neutral
Fox , Neutral
Post , Neutral
mark , Neutral
post , Neutral
Florida , Neutral
Maynard , Neutral
Cartwright , Neutral
Townsend , Neutral
Burke , Neutral
number , Neutral
hard , Neutral
holder , Neutral
little , Neutral
good , Positive
ine , Neutral
f , Neutral
Rita , Neutral
will , Neutral
Derby , Neutral
man , Neutral
fate , Neutral
Nash , Neutral
bear , Neutral
Cincinnati , Neutral
Cohen , Neutral
Madrid , Neutral
Bell , Neutral
Hoffman , Neutral
Red , Neutral
h , Neutral
Sheffield , Neutral
October , Neutral
Ashe , Neutral
Farley , Neutral
Powell , Neutral
Yeager , Neutral
Juan , Neutral
Hector , Neutral
Green , Neutral
sharp , Positive
Hampshire , Neutral
Maine , Neutral
Wright , Neutral
Miller , Neutral
Cooper , Neutral
North , Neutral
Carolina , Neutral
key , Neutral
Arizona , Neutral
j , Neutral
Dunn , Neutral
Hung , Neutral
Commonwealth , Neutral
Rico , Neutral
Vegas , Neutral
Fernandez , Neutral
Senate , Neutral
week , Neutral
Boston , Neutral
price , Neutral
Wilson , Neutral
tell , Neutral
w , Neutral
English , Neutral
Blackstone , Neutral
England , Neutral
Grady , Neutral
Frank , Neutral
Hawkins , Neutral
Zimmerman , Neutral
Kelly , Neutral
Nelson , Neutral
Bruno , Neutral
Morris , Neutral
Mathews , Neutral
