moved, Positive
from, Neutral
to, Neutral
with, Neutral
his, Neutral
parents, Neutral
he, Neutral
living, Neutral
as, Neutral
lawful, Neutral
permanent, Neutral
resident, Neutral
has, Neutral
become, Neutral
citizen, Neutral
instead, Neutral
spent, Neutral
years, Neutral
in, Neutral
country, Neutral
officials, Neutral
received, Neutral
tip, Neutral
confidential, Neutral
informant, Neutral
sold, Neutral
ecstasy, Positive
federal, Neutral
marijuana, Neutral
they, Neutral
found, Neutral
rifle, Neutral
house, Neutral
drugs, Neutral
loaded, Neutral
cash, Neutral
obtaining, Neutral
warrant, Neutral
jury, Neutral
indicted, Neutral
him, Neutral
were, Neutral
grand, Very positive
plea, Neutral
discussions, Neutral
is, Neutral
entered, Neutral
into, Neutral
retained, Neutral
counsel, Neutral
face, Neutral
deportation, Neutral
was, Neutral
sentenced, Neutral
year, Neutral
accepted, Neutral
on, Neutral
assurance, Positive
day, Neutral
prison, Neutral
contrary, Neutral
so, Neutral
attorney, Neutral
advice, Neutral
subject, Neutral
result, Neutral
mandatory, Neutral
of, Neutral
learned, Neutral
consequence, Neutral
filed, Neutral
motion, Neutral
vacate, Neutral
conviction, Neutral
provided, Neutral
ineffective, Negative
assistance, Neutral
sentence, Neutral
constitutionally, Neutral
testified, Neutral
hearing, Neutral
be, Neutral
deported, Neutral
weak, Negative
pleading, Neutral
guilty, Negative
go, Neutral
trial, Neutral
had, Neutral
known, Neutral
defense, Neutral
charge, Neutral
set, Neutral
aside, Neutral
however, Neutral
denied, Neutral
relief, Neutral
by, Neutral
erroneous, Neutral
prejudiced, Neutral
deficient, Neutral
performance, Neutral
for, Neutral
errors, Negative
defendant, Neutral
demonstrating, Neutral
probability, Neutral
can, Neutral
show, Neutral
prejudice, Neutral
reasonable, Positive
make, Neutral
showing, Neutral
urging, Neutral
adoption, Neutral
rule, Neutral
makes, Neutral
two, Neutral
per, Neutral
categorical, Neutral
rules, Neutral
are, Neutral
ill, Neutral
at, Neutral
chance, Neutral
may, Neutral
look, Neutral
attractive, Positive
smallest, Neutral
perspective, Neutral
time, Neutral
statement, Neutral
made, Neutral
applied, Neutral
inquiry, Neutral
focused, Neutral
possibility, Neutral
pertinent, Neutral
expressed, Neutral
preferences, Neutral
issue, Neutral
strong, Positive
connections, Neutral
it, Neutral
lead, Neutral
placed, Neutral
rejected, Negative
since, Neutral
delivered, Neutral
opinion, Neutral
joined, Neutral
except, Neutral
revision, Neutral
print, Neutral
formal, Neutral
preliminary, Neutral
before, Neutral
publication, Neutral
notify, Neutral
order, Neutral
requested, Neutral
typographical, Neutral
lived, Neutral
most, Neutral
criminal, Neutral
affect, Neutral
status, Positive
life, Positive
assured, Neutral
accepting, Neutral
ground, Neutral
representation, Neutral
objectively, Neutral
unreasonable, Neutral
opened, Neutral
small, Neutral
coffee, Positive
shop, Neutral
family, Positive
settled, Neutral
graduating, Neutral
business, Neutral
school, Neutral
high, Positive
out, Negative
own, Neutral
decided, Neutral
three, Neutral
try, Neutral
hand, Neutral
suburb, Neutral
eventually, Neutral
second, Neutral
restaurant, Neutral
nearby, Neutral
success, Positive
running, Neutral
businesses, Neutral
engaged, Positive
activity, Neutral
also, Neutral
illegitimate, Neutral
ounces, Neutral
told, Neutral
over, Neutral
course, Neutral
approximately, Neutral
pills, Neutral
eight, Neutral
hydroponic, Neutral
tablets, Neutral
obtained, Neutral
search, Neutral
given, Neutral
friends, Positive
going, Neutral
risky, Neutral
would, Neutral
receive, Positive
lighter, Positive
pleaded, Neutral
advised, Neutral
very, Neutral
convicted, Neutral
proceedings, Neutral
informed, Neutral
asked, Neutral
repeatedly, Neutral
deferred, Neutral
commencement, Neutral
could, Neutral
manage, Neutral
restaurants, Neutral
months, Neutral
under, Neutral
serving, Neutral
learning, Neutral
decision, Neutral
accept, Neutral
case, Neutral
bad, Very negative
recommended, Very positive
testimony, Neutral
giving, Neutral
about, Neutral
consequences, Neutral
concluded, Neutral
improper, Neutral
gone, Neutral
guilt, Negative
its, Neutral
resolution, Neutral
granted, Neutral
certificate, Neutral
affirmed, Neutral
denial, Neutral
been, Neutral
conceded, Neutral
appeal, Positive
required, Neutral
court, Neutral
explained, Neutral
establish, Neutral
gain, Neutral
nothing, Negative
precedent, Neutral
enters, Neutral
fell, Neutral
below, Negative
objective, Neutral
standard, Negative
reasonableness, Neutral
must, Neutral
demonstrate, Neutral
inadequate, Negative
claim, Neutral
will, Neutral
often, Neutral
involve, Neutral
during, Neutral
proceeding, Neutral
example, Neutral
legal, Neutral
objection, Neutral
present, Neutral
argument, Neutral
raise, Neutral
different, Neutral
unprofessional, Neutral
alleges, Neutral
than, Neutral
bargain, Neutral
we, Neutral
apply, Neutral
presumption, Neutral
reliability, Neutral
ordinarily, Neutral
judicial, Neutral
right, Positive
held, Neutral
better, Very positive
error, Negative
do, Neutral
that, Neutral
prospects, Neutral
grim, Neutral
understanding, Neutral
confronted, Neutral
kind, Positive
precisely, Positive
opted, Neutral
hypothetical, Neutral
played, Neutral
absent, Neutral
considered, Neutral
asking, Neutral
argues, Negative
other, Neutral
himself, Neutral
still, Neutral
gambled, Neutral
adopt, Neutral
like, Neutral
elevating, Neutral
proposition, Neutral
general, Neutral
demands, Neutral
examination, Neutral
totality, Neutral
evidence, Neutral
suited, Positive
prescribed, Positive
rarely, Neutral
able, Positive
context, Neutral
looks, Neutral
sake, Neutral
offers, Neutral
one, Neutral
likely, Neutral
highly, Neutral
favor, Neutral
throwing, Neutral
our, Neutral
irrelevant, Negative
such, Neutral
circumstances, Neutral
pointing, Neutral
ignored, Neutral
definition, Neutral
reliable, Positive
bar, Neutral
conclude, Neutral
unusual, Neutral
demonstrated, Neutral
adequately, Positive
have, Neutral
relevant, Neutral
part, Neutral
d, Neutral
much, Neutral
colloquy, Neutral
you, Neutral
plead, Neutral
your, Neutral
turned, Neutral
judge, Neutral
inquired, Neutral
ow, Neutral
warning, Neutral
willing, Neutral
proceed, Neutral
always, Neutral
penalty, Neutral
severe, Neutral
integral, Neutral
client, Neutral
remain, Neutral
particularly, Neutral
nearly, Neutral
decades, Neutral
only, Neutral
member, Positive
established, Neutral
leaving, Neutral
child, Neutral
convince, Neutral
incompetence, Neutral
individual, Neutral
position, Neutral
everyone, Neutral
remanded, Neutral
further, Neutral
consistent, Positive
judgment, Neutral
reversed, Neutral
ordered, Neutral
joins, Neutral
properly, Neutral
undo, Neutral
holds, Neutral
today, Neutral
chosen, Neutral
sentencing, Neutral
well, Positive
precedents, Neutral
support, Neutral
conclusion, Neutral
view, Neutral
matter, Neutral
initial, Neutral
affirm, Positive
therefore, Neutral
announces, Neutral
novel, Positive
stage, Neutral
governed, Neutral
ha, Positive
adverse, Neutral
effect, Neutral
actually, Neutral
refers, Neutral
outcome, Neutral
prosecution, Neutral
whole, Neutral
clear, Neutral
defined, Positive
confidence, Positive
sufficient, Positive
assumes, Neutral
follows, Neutral
directly, Neutral
assessment, Neutral
exclude, Neutral
arbitrariness, Neutral
factors, Neutral
flatly, Negative
should, Neutral
assumption, Neutral
extended, Neutral
effective, Positive
teaching, Neutral
majority, Neutral
emphasizes, Neutral
ability, Neutral
test, Neutral
applies, Neutral
way, Neutral
contexts, Neutral
same, Neutral
went, Neutral
explain, Neutral
changed, Neutral
absence, Neutral
innocence, Neutral
turn, Neutral
prediction, Neutral
particular, Neutral
primarily, Neutral
requires, Neutral
sum, Neutral
proper, Neutral
favorable, Neutral
end, Neutral
both, Neutral
confirm, Neutral
interpretation, Neutral
seek, Neutral
suppression, Neutral
failed, Negative
confession, Neutral
argued, Neutral
analyzing, Neutral
compared, Neutral
describing, Neutral
hold, Neutral
reason, Neutral
lesser, Neutral
more, Neutral
earlier, Neutral
offer, Neutral
ultimate, Positive
causing, Positive
terms, Neutral
less, Neutral
governing, Neutral
cases, Neutral
critical, Neutral
stages, Neutral
include, Neutral
entry, Neutral
arraignments, Neutral
off, Negative
insisted, Neutral
relies, Neutral
exclusively, Neutral
line, Neutral
almost, Neutral
single, Neutral
reaching, Neutral
threshold, Neutral
prescribes, Neutral
lawyer, Neutral
failure, Very negative
file, Neutral
petitioner, Neutral
observes, Positive
gamble, Neutral
point, Neutral
key, Neutral
analysis, Neutral
engage, Positive
predictive, Neutral
likelihood, Neutral
securing, Neutral
said, Neutral
explaining, Neutral
quote, Neutral
comes, Positive
paragraph, Neutral
discussion, Neutral
foregone, Neutral
instructs, Neutral
words, Neutral
statements, Neutral
presuming, Neutral
discussing, Neutral
courts, Neutral
analyze, Neutral
predictions, Neutral
possible, Neutral
pleas, Neutral
themselves, Neutral
generally, Neutral
recognized, Neutral
event, Neutral
give, Positive
rise, Neutral
concern, Neutral
procedures, Neutral
resulted, Neutral
unfair, Neutral
innocent, Positive
counseled, Neutral
admission, Neutral
factual, Neutral
entitled, Neutral
protections, Neutral
against, Neutral
collateral, Neutral
attack, Negative
distinguishes, Positive
applying, Neutral
stated, Neutral
accord, Neutral
goes, Neutral
available, Positive
accepts, Neutral
rejects, Positive
take, Neutral
ordinary, Negative
expressly, Neutral
foreclosed, Neutral
relying, Neutral
shoes, Neutral
higher, Positive
faced, Positive
justice, Neutral
system, Neutral
pernicious, Neutral
stability, Neutral
certainty, Neutral
shown, Neutral
special, Positive
solicitude, Neutral
prospect, Neutral
undermine, Neutral
values, Neutral
important, Neutral
generate, Neutral
volume, Neutral
challenges, Negative
existing, Neutral
agreements, Neutral
thing, Neutral
artificially, Neutral
defendants, Neutral
bringing, Neutral
asserting, Neutral
challenge, Neutral
undertaking, Neutral
convictions, Neutral
percent, Neutral
admitted, Neutral
overwhelming, Negative
reasons, Neutral
dissent, Neutral
heavily, Neutral
alter, Neutral
plucks, Neutral
post, Neutral
element, Neutral
assertion, Neutral
how, Neutral
fact, Neutral
effects, Neutral
making, Neutral
assessing, Neutral
types, Neutral
warnings, Positive
involves, Neutral
ineffectiveness, Neutral
extending, Neutral
based, Neutral
purely, Neutral
executive, Neutral
discretion, Neutral
absolute, Neutral
ago, Neutral
crept, Neutral
up, Neutral
behind, Neutral
police, Neutral
officer, Neutral
shot, Neutral
twice, Neutral
capital, Neutral
murder, Negative
petitioned, Neutral
suspension, Neutral
death, Neutral
execution, Neutral
neared, Neutral
due, Neutral
recent, Neutral
strokes, Neutral
several, Neutral
incompetent, Negative
psychologist, Neutral
appointed, Neutral
seeking, Neutral
retribution, Neutral
act, Neutral
understand, Neutral
nature, Neutral
understands, Neutral
meaning, Neutral
pending, Neutral
specifically, Neutral
tried, Neutral
knows, Neutral
because, Neutral
sequence, Neutral
events, Neutral
offense, Neutral
arrest, Neutral
does, Neutral
petition, Neutral
decisions, Neutral
executed, Neutral
when, Neutral
writ, Neutral
corpus, Neutral
state, Neutral
adjudication, Neutral
involved, Neutral
application, Neutral
determination, Neutral
facts, Neutral
light, Neutral
presented, Neutral
determined, Neutral
else, Neutral
law, Neutral
clearly, Neutral
prisoner, Neutral
lacking, Negative
justification, Neutral
meets, Neutral
beyond, Neutral
disagreement, Neutral
concluding, Neutral
competent, Positive
basis, Neutral
being, Neutral
punishment, Neutral
addressed, Neutral
question, Neutral
forbids, Neutral
crime, Negative
remember, Neutral
founded, Neutral
finding, Neutral
supported, Neutral
put, Neutral
determinations, Neutral
fail, Negative
deferential, Neutral
respondent, Neutral
join, Neutral
concurring, Neutral
disability, Neutral
leaves, Neutral
substantial, Neutral
administer, Neutral
full, Positive
airing, Neutral
restraints, Neutral
imposed, Neutral
disposition, Neutral
forth, Neutral
concurrence, Neutral
underline, Neutral
basic, Neutral
problems, Neutral
administration, Neutral
itself, Neutral
problem, Negative
concerns, Neutral
unconscionably, Neutral
long, Neutral
periods, Neutral
prisoners, Neutral
awaiting, Neutral
once, Neutral
previously, Neutral
noted, Neutral
delays, Neutral
delay, Neutral
four, Neutral
weeks, Neutral
description, Neutral
even, Neutral
greater, Positive
force, Neutral
transferred, Neutral
now, Neutral
old, Neutral
half, Neutral
row, Neutral
blind, Neutral
legally, Neutral
speech, Negative
slurred, Neutral
incontinent, Neutral
among, Neutral
number, Neutral
growing, Neutral
imprisonment, Neutral
average, Neutral
period, Neutral
just, Neutral
seven, Neutral
later, Neutral
decade, Neutral
rose, Neutral
online, Neutral
individuals, Neutral
cruelty, Neutral
between, Neutral
lengthy, Neutral
deepen, Neutral
undermining, Neutral
rationale, Neutral
consider, Neutral
inevitability, Neutral
constitutional, Neutral
requirements, Neutral
needed, Positive
reopen, Neutral
regarding, Neutral
defaulted, Neutral
things, Neutral
presence, Neutral
sought, Neutral
behavior, Neutral
determining, Neutral
verdict, Neutral
connection, Neutral
solely, Neutral
read, Neutral
influence, Positive
review, Neutral
compels, Positive
vote, Neutral
impose, Neutral
binding, Neutral
including, Neutral
produced, Neutral
sworn, Neutral
affidavit, Neutral
signed, Neutral
indicating, Neutral
jurors, Neutral
s, Neutral
people, Neutral
souls, Neutral
black, Neutral
remarkable, Very positive
presents, Neutral
race, Neutral
affected, Neutral
wrong, Negative
jurists, Neutral
debate, Neutral
least, Negative
chose, Neutral
dispose, Neutral
b, Neutral
faces, Neutral
abused, Negative
denying, Negative
service, Neutral
remand, Neutral
consideration, Neutral
grant, Neutral
dissenting, Neutral
inspire, Positive
lower, Neutral
find, Neutral
engages, Positive
pointless, Very negative
exercise, Neutral
explanation, Neutral
juror, Neutral
opinions, Neutral
odious, Neutral
certainly, Positive
their, Neutral
doing, Neutral
correctly, Positive
job, Neutral
allow, Neutral
us, Positive
responsibility, Neutral
decide, Neutral
respect, Positive
judgments, Neutral
reflects, Neutral
society, Neutral
bending, Neutral
here, Neutral
summary, Neutral
erase, Neutral
t, Neutral
terse, Neutral
tells, Neutral
reader, Neutral
victim, Negative
numerous, Neutral
depositions, Neutral
provide, Neutral
omitted, Neutral
briefly, Positive
wife, Neutral
left, Neutral
called, Neutral
her, Neutral
ambushed, Neutral
drove, Neutral
work, Neutral
sister, Neutral
truck, Neutral
forcing, Negative
them, Neutral
get, Neutral
aimed, Neutral
shotgun, Neutral
car, Neutral
killing, Neutral
rolled, Neutral
body, Neutral
again, Neutral
murdering, Neutral
lying, Positive
ditch, Neutral
kidnaped, Neutral
husband, Neutral
driving, Neutral
children, Positive
short, Neutral
return, Neutral
unanimous, Neutral
outrageously, Neutral
vile, Negative
committing, Neutral
felonies, Neutral
murdered, Neutral
lawyers, Neutral
interviewed, Neutral
knew, Neutral
good, Positive
folks, Neutral
justified, Neutral
first, Neutral
true, Positive
ever, Neutral
presided, Neutral
deposition, Neutral
pack, Neutral
drinks, Neutral
whiskey, Neutral
familiar, Neutral
granddaughter, Neutral
play, Neutral
doll, Neutral
permitted, Neutral
leave, Negative
might, Neutral
totally, Neutral
ask, Neutral
questions, Neutral
contents, Neutral
invited, Neutral
declined, Neutral
opportunity, Neutral
heard, Neutral
ten, Neutral
eleventh, Neutral
racial, Neutral
animus, Neutral
infected, Neutral
deliberations, Neutral
parties, Neutral
impeach, Neutral
overcome, Neutral
default, Neutral
allegation, Neutral
insufficient, Neutral
requisite, Neutral
deficiency, Neutral
cause, Neutral
raised, Neutral
procedural, Neutral
pointed, Neutral
extraordinary, Very positive
credibility, Neutral
undermined, Neutral
prove, Neutral
presumed, Neutral
correctness, Neutral
correct, Neutral
ruling, Neutral
district, Neutral
stay, Neutral
issued, Neutral
states, Neutral
valid, Neutral
obtain, Neutral
moves, Neutral
proven, Neutral
misreads, Neutral
rested, Neutral
quoting, Neutral
length, Neutral
reading, Neutral
untenable, Neutral
tenable, Neutral
usually, Neutral
reserved, Neutral
rare, Positive
disrespects, Neutral
judges, Neutral
adopting, Neutral
charitable, Positive
n, Positive
clarifying, Neutral
agrees, Neutral
inexplicably, Neutral
declines, Neutral
misreading, Neutral
alternative, Neutral
grounds, Neutral
reached, Neutral
limitation, Neutral
inexcusable, Negative
briefed, Neutral
lasted, Neutral
answering, Neutral
new, Positive
substantive, Positive
reply, Neutral
brief, Neutral
mentioned, Neutral
merely, Neutral
footnote, Neutral
plows, Neutral
through, Neutral
levels, Neutral
deference, Neutral
ignores, Neutral
appellate, Neutral
findings, Neutral
bias, Negative
overturned, Neutral
reviewing, Neutral
claims, Neutral
manifest, Neutral
impartiality, Neutral
discretionary, Neutral
ample, Positive
having, Neutral
consumed, Neutral
amount, Neutral
alcohol, Neutral
sure, Neutral
saw, Neutral
witnesses, Neutral
demeanor, Neutral
credit, Neutral
r, Neutral
minds, Neutral
disagree, Positive
record, Neutral
cognizant, Neutral
weakness, Neutral
says, Neutral
little, Neutral
multiple, Neutral
merits, Positive
appeals, Positive
inevitable, Neutral
justify, Neutral
defer, Neutral
eve, Neutral
disturbed, Neutral
rhetoric, Neutral
racist, Negative
remanding, Neutral
useless, Negative
callously, Neutral
benefit, Positive
announced, Neutral
violation, Neutral
agents, Neutral
computer, Neutral
term, Neutral
restitution, Neutral
notice, Neutral
pay, Neutral
ordering, Neutral
victims, Negative
amended, Neutral
nonetheless, Neutral
challenged, Neutral
forfeited, Neutral
fails, Very negative
governs, Neutral
appealed, Neutral
jurisdictional, Neutral
prerequisite, Neutral
timely, Neutral
duty, Neutral
dismiss, Negative
sufficed, Neutral
premise, Neutral
definitive, Positive
contains, Neutral
immediately, Neutral
final, Neutral
arguments, Neutral
imposing, Neutral
docket, Neutral
acknowledgment, Neutral
unlawful, Neutral
harmless, Neutral
provides, Positive
litigant, Neutral
associated, Neutral
overlook, Neutral
defects, Neutral
specified, Neutral
crimes, Negative
deferring, Neutral
until, Neutral
aspects, Neutral
enter, Positive
certain, Positive
possessing, Neutral
depiction, Neutral
minor, Neutral
engaging, Very positive
sexually, Neutral
explicit, Negative
conduct, Neutral
visual, Neutral
manner, Neutral
acknowledged, Neutral
action, Neutral
party, Neutral
otherwise, Neutral
permits, Neutral
thus, Neutral
statute, Neutral
emphasizing, Positive
significance, Neutral
according, Neutral
regardless, Neutral
appellant, Neutral
promote, Neutral
progress, Neutral
litigation, Neutral
requiring, Neutral
steps, Neutral
orderly, Neutral
times, Neutral
waits, Neutral
too, Neutral
unalterable, Neutral
depends, Neutral
premises, Neutral
reject, Neutral
each, Neutral
referenced, Neutral
merge, Neutral
specific, Neutral
reasoning, Neutral
approach, Neutral
inconsistent, Negative
supporting, Positive
reliance, Neutral
misplaced, Neutral
date, Neutral
treated, Neutral
failing, Negative
reasonably, Neutral
believes, Neutral
intended, Neutral
construing, Neutral
parallel, Neutral
provision, Neutral
civil, Neutral
but, Neutral
mistakenly, Neutral
announce, Neutral
observed, Neutral
qualify, Neutral
citing, Neutral
dismissed, Neutral
premature, Neutral
filing, Neutral
holding, Neutral
superseded, Neutral
ways, Neutral
discussed, Neutral
accordingly, Neutral
prior, Neutral
distinguishing, Neutral
orders, Neutral
undisturbed, Neutral
choices, Neutral
await, Neutral
see, Neutral
notices, Neutral
separate, Neutral
appealing, Positive
gave, Neutral
id, Neutral
amending, Neutral
prevent, Neutral
arising, Neutral
future, Neutral
absolutely, Positive
this, Neutral
advise, Neutral
clerk, Neutral
transmitted, Neutral
five, Neutral
days, Neutral
after, Neutral
already, Neutral
reporter, Neutral
send, Neutral
transcript, Neutral
what, Neutral
occurred, Neutral
dispatch, Neutral
confer, Neutral
jurisdiction, Neutral
rank, Negative
transmission, Neutral
treat, Positive
reverse, Neutral
award, Positive
opening, Neutral
taken, Negative
officers, Neutral
vitamin, Neutral
bottle, Neutral
searched, Neutral
traffic, Neutral
stop, Neutral
illegal, Neutral
arrested, Neutral
took, Neutral
technician, Neutral
got, Neutral
claimed, Neutral
tested, Neutral
negative, Negative
report, Neutral
complaint, Negative
charging, Neutral
possession, Neutral
substance, Neutral
controlled, Neutral
county, Neutral
probable, Neutral
detain, Neutral
laboratory, Neutral
seized, Neutral
jail, Neutral
remained, Neutral
custody, Neutral
applicable, Neutral
limitations, Negative
suit, Neutral
barred, Neutral
detention, Negative
standards, Neutral
establishes, Neutral
minimum, Neutral
noting, Neutral
plurality, Neutral
coalesced, Neutral
naturally, Neutral
unsupported, Neutral
allegedly, Neutral
arose, Neutral
pursuant, Neutral
process, Neutral
violate, Neutral
reflected, Neutral
detaining, Neutral
person, Neutral
prohibits, Neutral
government, Neutral
satisfy, Positive
requirement, Neutral
fabricated, Negative
determine, Neutral
accrual, Neutral
waived, Neutral
timeliness, Neutral
finds, Neutral
common, Neutral
torts, Neutral
guidance, Neutral
relied, Neutral
committed, Positive
primary, Neutral
bring, Positive
answer, Neutral
start, Neutral
issues, Neutral
riding, Neutral
midnight, Neutral
passenger, Neutral
seat, Positive
brother, Neutral
wheel, Neutral
pulled, Neutral
driver, Neutral
signal, Neutral
lay, Neutral
policeman, Neutral
conducted, Neutral
field, Neutral
came, Neutral
back, Neutral
lied, Neutral
claiming, Neutral
brought, Neutral
necessary, Neutral
department, Neutral
fabrications, Neutral
sent, Neutral
subsequent, Neutral
somewhat, Neutral
obscure, Neutral
lingo, Neutral
followed, Neutral
authorized, Neutral
reexamined, Neutral
sat, Neutral
did, Neutral
dismissal, Neutral
drug, Neutral
released, Neutral
next, Neutral
request, Neutral
all, Neutral
lawsuit, Neutral
creates, Neutral
species, Neutral
tort, Neutral
liability, Negative
violated, Negative
rights, Neutral
following, Neutral
remedy, Neutral
adequate, Neutral
remedies, Neutral
becomes, Neutral
detained, Neutral
falls, Negative
picture, Neutral
alleging, Neutral
confinement, Neutral
others, Neutral
taking, Neutral
opposite, Neutral
extends, Neutral
consensus, Neutral
broad, Neutral
circuits, Neutral
cue, Neutral
seeks, Neutral
protection, Neutral
false, Negative
seizures, Neutral
believe, Neutral
fits, Positive
glove, Neutral
respective, Neutral
prosecutor, Neutral
persons, Neutral
without, Neutral
looked, Neutral
responded, Neutral
offered, Neutral
framework, Neutral
suspects, Neutral
guaranteed, Neutral
fair, Neutral
condition, Neutral
significant, Neutral
restraint, Neutral
invasions, Neutral
liberty, Neutral
unfounded, Neutral
those, Neutral
invoke, Neutral
deprivation, Neutral
occurs, Neutral
commences, Neutral
charges, Neutral
plaintiff, Neutral
drafting, Neutral
infringed, Neutral
remitting, Neutral
drafted, Neutral
deprivations, Neutral
tracking, Neutral
someone, Neutral
onset, Neutral
predicated, Neutral
confined, Negative
lies, Neutral
initially, Neutral
wrongful, Neutral
lacked, Negative
ensuing, Neutral
original, Positive
identify, Neutral
addresses, Neutral
elements, Neutral
pinpointing, Neutral
began, Neutral
run, Neutral
hinges, Neutral
choice, Neutral
proposed, Neutral
dates, Positive
comments, Neutral
prerequisites, Neutral
contours, Neutral
principles, Neutral
meant, Neutral
source, Neutral
inspired, Positive
examples, Neutral
prefabricated, Negative
components, Neutral
guide, Neutral
govern, Neutral
malicious, Neutral
suits, Neutral
accrues, Neutral
initiation, Neutral
comparison, Neutral
adjudicating, Neutral
constitute, Neutral
continuing, Neutral
dispute, Neutral
contest, Neutral
addressing, Neutral
waiver, Neutral
relating, Neutral
write, Neutral
separately, Neutral
accrue, Neutral
appearance, Neutral
mean, Negative
understood, Neutral
issuance, Neutral
agreed, Positive
entirely, Neutral
presumably, Neutral
home, Neutral
free, Positive
seizure, Neutral
unanswered, Neutral
reference, Neutral
unique, Positive
centerpiece, Neutral
within, Neutral
chronology, Neutral
arraigned, Neutral
assistant, Neutral
files, Neutral
untimely, Neutral
accrued, Neutral
frame, Neutral
above, Neutral
claimant, Neutral
essential, Positive
forward, Neutral
refuses, Negative
charged, Positive
precise, Positive
which, Neutral
analogies, Neutral
authority, Neutral
hands, Neutral
prosecutors, Neutral
enforcement, Neutral
testify, Neutral
core, Neutral
firmly, Positive
subjective, Neutral
faith, Neutral
fundamentally, Neutral
violating, Neutral
hint, Positive
thereby, Neutral
malice, Neutral
cast, Neutral
net, Neutral
wide, Neutral
harbor, Neutral
intense, Positive
personal, Positive
damages, Neutral
violations, Neutral
token, Neutral
raising, Neutral
challenging, Neutral
constitutionality, Neutral
despite, Neutral
similarly, Neutral
falsified, Neutral
recovery, Neutral
analog, Neutral
y, Neutral
inapt, Neutral
strikingly, Neutral
ventures, Neutral
direction, Neutral
purports, Neutral
refrain, Neutral
some, Neutral
continue, Neutral
seem, Neutral
follow, Neutral
depriving, Neutral
refer, Neutral
prolonged, Neutral
definitions, Neutral
define, Neutral
cautioned, Neutral
stretch, Neutral
mistaken, Neutral
saying, Neutral
reads, Neutral
accuracy, Positive
means, Neutral
easily, Positive
cited, Neutral
detective, Neutral
procured, Neutral
information, Neutral
purchaser, Neutral
bond, Neutral
booked, Neutral
calls, Neutral
related, Neutral
alleged, Neutral
apparently, Neutral
sorely, Neutral
sued, Neutral
analyzed, Neutral
continues, Neutral
releasing, Neutral
anything, Neutral
forced, Negative
rely, Neutral
dicta, Neutral
thought, Neutral
tailored, Neutral
explicitly, Neutral
magistrate, Neutral
neutral, Neutral
avoiding, Neutral
violates, Neutral
dramatically, Neutral
expanding, Neutral
allegations, Neutral
hours, Neutral
throughout, Neutral
repeated, Negative
idea, Neutral
demanded, Neutral
quickly, Neutral
task, Neutral
occur, Neutral
invoked, Neutral
prohibition, Neutral
insofar, Neutral
principal, Neutral
arguing, Neutral
speed, Neutral
lens, Neutral
appropriate, Positive
suggest, Neutral
warrants, Neutral
somehow, Neutral
unanswerable, Neutral
occasions, Positive
oral, Neutral
cut, Neutral
indictment, Neutral
longer, Neutral
continued, Neutral
establishing, Neutral
tainted, Negative
drops, Neutral
contrast, Neutral
suggestion, Neutral
sufficiency, Neutral
division, Neutral
labor, Neutral
address, Neutral
anyway, Neutral
conflict, Negative
rest, Neutral
express, Neutral
indeed, Neutral
affirmative, Neutral
recounted, Neutral
notes, Neutral
defends, Neutral
evasion, Neutral
recognize, Neutral
reconsider, Neutral
count, Neutral
overrule, Neutral
f, Neutral
together, Neutral
inserts, Neutral
word, Neutral
sentences, Neutral
transfer, Neutral
render, Neutral
section, Neutral
intervening, Neutral
intermittently, Neutral
investigated, Neutral
tax, Neutral
activities, Neutral
statutes, Neutral
convict, Neutral
corruptly, Neutral
instructed, Neutral
rejecting, Neutral
aware, Neutral
obstructive, Neutral
traditionally, Neutral
exercised, Neutral
prerogatives, Neutral
world, Neutral
language, Neutral
reach, Neutral
passed, Neutral
strength, Positive
similar, Neutral
verbs, Neutral
require, Neutral
object, Neutral
taxpayer, Neutral
hinder, Neutral
phrase, Neutral
viewed, Neutral
best, Very positive
referring, Neutral
confirms, Neutral
appears, Neutral
middle, Neutral
property, Neutral
e, Neutral
serves, Neutral
catchall, Neutral
logically, Neutral
legislative, Neutral
history, Neutral
counsels, Neutral
broader, Neutral
misdemeanor, Negative
provisions, Neutral
redundant, Negative
perhaps, Neutral
bargaining, Neutral
interpretive, Neutral
difference, Neutral
prosecutions, Neutral
imagine, Neutral
scenario, Neutral
difficult, Negative
practical, Neutral
power, Neutral
scope, Neutral
places, Neutral
annually, Neutral
clause, Neutral
felony, Neutral
or, Neutral
a, Neutral
breadth, Neutral
statutory, Neutral
narrower, Neutral
interference, Neutral
targeted, Neutral
governmental, Neutral
investigation, Neutral
clauses, Neutral
shall, Neutral
call, Neutral
outset, Neutral
text, Neutral
income, Neutral
paying, Neutral
employees, Neutral
records, Neutral
accountant, Neutral
complete, Positive
retired, Neutral
counts, Neutral
subsequently, Neutral
interfere, Neutral
alteration, Neutral
purportedly, Neutral
interpreted, Neutral
worded, Neutral
relationship, Neutral
nexus, Neutral
adopted, Neutral
intent, Neutral
literal, Positive
obstruct, Neutral
title, Neutral
literally, Positive
every, Neutral
acts, Neutral
subsection, Neutral
helpful, Positive
confirmation, Neutral
written, Positive
limited, Negative
enacted, Neutral
punish, Neutral
corrupt, Negative
solicitation, Neutral
internal, Neutral
revenue, Neutral
employee, Neutral
account, Neutral
threats, Neutral
attempt, Neutral
impede, Neutral
laws, Neutral
where, Neutral
communication, Neutral
routine, Neutral
processing, Neutral
returns, Neutral
receipt, Neutral
payments, Neutral
entire, Neutral
refunds, Neutral
many, Neutral
interpret, Neutral
overlap, Neutral
preferred, Neutral
superfluous, Neutral
enactment, Neutral
large, Neutral
advantage, Positive
struggle, Negative
willfully, Neutral
another, Neutral
readily, Neutral
distinction, Neutral
meaningful, Positive
culpability, Neutral
unconvincing, Negative
narrow, Neutral
upon, Neutral
used, Neutral
sparingly, Neutral
few, Neutral
early, Neutral
abstract, Neutral
great, Very positive
juries, Neutral
pursue, Neutral
predilections, Neutral
interpreting, Neutral
differ, Neutral
use, Neutral
official, Neutral
urge, Neutral
ignore, Negative
differences, Neutral
witness, Neutral
obstruction, Neutral
deleted, Neutral
therein, Neutral
broadly, Neutral
formulation, Neutral
prohibiting, Neutral
considering, Neutral
similarity, Neutral
instructive, Neutral
toward, Neutral
consequently, Neutral
secure, Neutral
effort, Neutral
mislead, Neutral
investigating, Neutral
agent, Neutral
construe, Neutral
narrowly, Neutral
maritime, Neutral
analogy, Neutral
offing, Neutral
acting, Neutral
capacity, Neutral
bodily, Neutral
harm, Negative
duties, Neutral
threat, Neutral
physical, Neutral
maximum, Neutral
authorizes, Neutral
calculate, Neutral
efforts, Neutral
prefer, Neutral
shredded, Neutral
expenses, Neutral
enough, Neutral
earnings, Neutral
keep, Neutral
neither, Neutral
investigate, Neutral
interview, Neutral
story, Neutral
earned, Neutral
company, Neutral
bills, Neutral
easy, Neutral
interpretations, Neutral
agree, Neutral
obstructing, Neutral
prohibited, Neutral
my, Neutral
plain, Neutral
entirety, Neutral
likewise, Neutral
includes, Neutral
procedure, Neutral
phase, Neutral
gathering, Neutral
step, Neutral
reporting, Neutral
private, Neutral
mode, Neutral
collection, Neutral
recalcitrant, Neutral
directives, Neutral
taxpayers, Neutral
incomes, Neutral
qualifying, Neutral
create, Positive
assessments, Neutral
liabilities, Neutral
inquiries, Neutral
collect, Neutral
taxes, Neutral
investigations, Neutral
gives, Neutral
taxation, Neutral
straightforward, Positive
covered, Neutral
processes, Neutral
limit, Neutral
turns, Neutral
actions, Neutral
identifiable, Neutral
contain, Neutral
misdemeanors, Neutral
done, Neutral
voluntarily, Neutral
and, Neutral
intentionally, Neutral
proof, Neutral
procure, Neutral
purpose, Positive
dismisses, Neutral
ante, Neutral
differentiate, Neutral
mind, Neutral
doubt, Neutral
principle, Neutral
redundancy, Negative
abounds, Neutral
worse, Negative
simply, Neutral
depart, Neutral
offenses, Neutral
summons, Neutral
place, Neutral
largely, Neutral
canon, Neutral
admits, Neutral
putting, Neutral
lightly, Neutral
omnibus, Neutral
endeavoring, Neutral
predecessor, Neutral
assumed, Neutral
afield, Neutral
cuts, Neutral
underscores, Neutral
covers, Neutral
contrasted, Neutral
latter, Neutral
interprets, Neutral
invokes, Neutral
ambiguity, Neutral
guess, Neutral
tools, Neutral
uncertainty, Neutral
grievous, Neutral
outlines, Neutral
vaguest, Neutral
carried, Neutral
administrative, Neutral
foreseeable, Neutral
catch, Neutral
onto, Neutral
scheme, Neutral
negatively, Neutral
vague, Neutral
hard, Neutral
sweeping, Positive
potential, Positive
warranted, Neutral
structure, Neutral
disclose, Neutral
honestly, Positive
frets, Neutral
cover, Neutral
resources, Neutral
prosecuting, Neutral
waste, Negative
debatable, Neutral
documents, Neutral
hid, Neutral
avoid, Negative
prosecuted, Neutral
taxable, Neutral
elaborate, Neutral
trusts, Neutral
constructed, Neutral
abuse, Negative
vested, Neutral
collectors, Neutral
sanity, Neutral
access, Neutral
assist, Neutral
evaluation, Neutral
rape, Neutral
indigent, Neutral
stand, Neutral
neurological, Neutral
testing, Neutral
awaited, Neutral
examined, Neutral
exaggerating, Neutral
symptoms, Neutral
updated, Neutral
commission, Neutral
expertise, Neutral
continuance, Neutral
psychological, Positive
matters, Neutral
evaluate, Neutral
material, Neutral
requests, Neutral
guarantee, Positive
expert, Neutral
recommendation, Neutral
criteria, Neutral
met, Neutral
mental, Neutral
health, Neutral
volunteer, Neutral
episodic, Neutral
help, Neutral
outside, Neutral
additional, Neutral
rebuffed, Neutral
preparation, Neutral
type, Neutral
evaluating, Neutral
refusal, Negative
describe, Neutral
turning, Neutral
italics, Neutral
stating, Neutral
psychiatric, Neutral
crucial, Neutral
marshal, Neutral
draw, Neutral
plausible, Neutral
conclusions, Neutral
psychiatrist, Neutral
gather, Neutral
opposing, Neutral
psychiatrists, Neutral
risk, Neutral
lea, Neutral
inexorably, Neutral
insanity, Neutral
viable, Neutral
fairly, Neutral
sensible, Neutral
capable, Positive
assure, Neutral
mitigating, Neutral
certified, Positive
hospital, Neutral
mimic, Neutral
illness, Negative
grossly, Negative
endorsement, Neutral
fake, Negative
late, Neutral
votes, Neutral
portion, Neutral
described, Neutral
disorder, Neutral
psychotic, Negative
evaluations, Neutral
treatment, Neutral
blatantly, Neutral
inpatient, Neutral
head, Neutral
injuries, Neutral
son, Neutral
crazy, Neutral
mother, Neutral
need, Neutral
validity, Neutral
scales, Neutral
exaggerated, Neutral
subpoenaed, Neutral
scheduled, Neutral
respond, Neutral
subpoena, Neutral
exams, Neutral
dilemmas, Neutral
diagnostic, Neutral
obviously, Neutral
attempting, Neutral
appear, Neutral
emotionally, Neutral
apparent, Neutral
quite, Neutral
dysfunction, Negative
attributable, Neutral
hemisphere, Neutral
cortical, Neutral
cerebral, Positive
revealed, Neutral
deficiencies, Neutral
suggestive, Neutral
lesion, Neutral
obvious, Negative
deficit, Negative
frustration, Very negative
tolerance, Neutral
low, Neutral
suggested, Neutral
diagnosis, Neutral
organic, Positive
personality, Positive
syndrome, Neutral
morning, Neutral
severity, Neutral
discovered, Neutral
finished, Neutral
afternoon, Neutral
adjourned, Neutral
recess, Neutral
withdraw, Neutral
participation, Positive
tantamount, Neutral
sic, Neutral
renewed, Neutral
reports, Neutral
tests, Neutral
renew, Neutral
pleased, Positive
replied, Neutral
doctors, Neutral
structuring, Neutral
me, Positive
want, Neutral
please, Neutral
preponderance, Neutral
aggravating, Negative
far, Neutral
outweigh, Neutral
level, Neutral
circumstance, Neutral
allowing, Neutral
satisfied, Positive
examine, Neutral
issuing, Neutral
heart, Neutral
resolve, Neutral
seriously, Neutral
she, Neutral
incumbent, Neutral
supposed, Neutral
wanted, Neutral
reproduced, Neutral
lengthier, Neutral
exchanges, Neutral
bench, Neutral
response, Neutral
indicates, Neutral
experts, Neutral
main, Neutral
yes, Neutral
qualified, Neutral
meet, Neutral
really, Neutral
mooted, Neutral
changes, Neutral
last, Neutral
unwillingness, Neutral
independent, Neutral
acutely, Neutral
devoted, Neutral
plainly, Neutral
incorrect, Neutral
providing, Neutral
translate, Neutral
data, Neutral
strategy, Neutral
medical, Neutral
extensive, Neutral
prepare, Neutral
direct, Neutral
any, Neutral
results, Neutral
materials, Neutral
affirming, Positive
erred, Neutral
belief, Neutral
perception, Neutral
instance, Neutral
divided, Neutral
open, Positive
deliberately, Neutral
ambiguous, Positive
avoids, Neutral
achieves, Neutral
unfortunate, Neutral
decides, Positive
design, Neutral
petitioners, Neutral
hen, Neutral
afford, Neutral
factor, Neutral
demonstrates, Neutral
situations, Neutral
speak, Neutral
clarity, Positive
ruled, Neutral
no, Negative
appointment, Neutral
know, Neutral
preparing, Neutral
form, Neutral
responsive, Neutral
improved, Positive
adversary, Neutral
customarily, Neutral
performed, Neutral
services, Neutral
working, Neutral
odds, Neutral
norm, Neutral
adversarial, Neutral
characterizes, Neutral
model, Positive
selected, Neutral
reaches, Neutral
unfavorable, Neutral
team, Positive
live, Neutral
ultimately, Neutral
unwilling, Neutral
competency, Neutral
submission, Neutral
move, Neutral
simple, Neutral
dissented, Neutral
mandates, Neutral
interests, Neutral
hallmarks, Neutral
compromise, Neutral
aftermath, Neutral
lend, Neutral
jurisprudence, Neutral
exact, Neutral
silence, Neutral
dictate, Neutral
diverged, Neutral
widely, Neutral
agreement, Neutral
obligation, Neutral
fractured, Neutral
reviewed, Neutral
advocating, Neutral
partisan, Neutral
advocate, Neutral
confront, Neutral
unresolved, Neutral
specify, Neutral
role, Neutral
preeminent, Neutral
concerning, Neutral
unclear, Negative
rather, Neutral
impossible, Very negative
practice, Neutral
disfavor, Neutral
scarcely, Neutral
instruct, Neutral
litigants, Neutral
exceptional, Positive
dismissing, Neutral
improvidently, Neutral
exist, Neutral
feels, Neutral
theory, Neutral
inducing, Neutral
vigorously, Neutral
opposed, Neutral
come, Neutral
surprise, Neutral
worth, Neutral
encounters, Neutral
inconvenient, Neutral
roadblock, Neutral
completed, Neutral
detour, Neutral
arduous, Negative
around, Neutral
thinnest, Neutral
unwarranted, Neutral
prevents, Negative
injurious, Neutral
disagrees, Neutral
tackle, Neutral
invocation, Neutral
utterly, Neutral
unlike, Negative
raped, Neutral
convenience, Neutral
store, Neutral
room, Neutral
brutally, Neutral
robbed, Negative
apprehended, Neutral
bragged, Neutral
inmates, Neutral
hour, Neutral
deliberation, Neutral
violent, Negative
robbery, Neutral
lack, Neutral
regard, Positive
showed, Neutral
eyewitness, Neutral
feigning, Neutral
weighing, Neutral
evade, Neutral
disturbance, Neutral
impaired, Neutral
malingering, Neutral
constituted, Neutral
suffered, Negative
exaggeration, Neutral
bipolar, Neutral
say, Neutral
endorsed, Neutral
night, Neutral
introduced, Neutral
mentally, Neutral
merit, Neutral
credited, Neutral
questionable, Negative
accurate, Positive
represents, Neutral
departure, Neutral
sound, Neutral
deprived, Neutral
briefing, Neutral
experience, Neutral
telling, Positive
reflection, Neutral
standing, Neutral
alone, Neutral
panel, Neutral
extend, Neutral
purposes, Neutral
suggesting, Neutral
employed, Neutral
inclusion, Neutral
fleeting, Neutral
contact, Neutral
notably, Neutral
void, Negative
benefited, Neutral
entitlement, Neutral
quotation, Neutral
marks, Neutral
proscription, Neutral
punishments, Neutral
disabled, Neutral
cruel, Negative
intellectually, Neutral
consulted, Neutral
scores, Neutral
indicated, Neutral
intellectual, Neutral
mild, Neutral
professionals, Positive
adaptive, Neutral
deficits, Neutral
skill, Neutral
sets, Neutral
recited, Neutral
incorporated, Neutral
strengths, Neutral
undercut, Negative
weaknesses, Negative
inquire, Neutral
causes, Neutral
childhood, Neutral
academic, Positive
dignity, Neutral
community, Neutral
manuals, Neutral
practices, Positive
parted, Neutral
disregard, Neutral
leading, Neutral
license, Neutral
current, Neutral
measurement, Neutral
range, Neutral
adjusted, Neutral
score, Positive
functioning, Neutral
deemed, Neutral
prevailing, Neutral
clinical, Neutral
overemphasized, Neutral
focuses, Neutral
perceived, Neutral
clinicians, Neutral
caution, Neutral
developed, Positive
settings, Neutral
stressed, Neutral
detracted, Neutral
along, Neutral
experiences, Neutral
traumatic, Neutral
departed, Neutral
impairments, Neutral
attachment, Neutral
perceptions, Neutral
advanced, Neutral
operation, Neutral
unacceptable, Negative
handling, Neutral
profession, Neutral
counter, Neutral
stereotypes, Negative
laid, Neutral
inform, Neutral
vacated, Neutral
botched, Negative
fatally, Neutral
detailed, Positive
guides, Neutral
upsetting, Negative
views, Neutral
indicators, Neutral
invention, Neutral
untied, Neutral
robbing, Neutral
grocery, Neutral
episode, Neutral
former, Neutral
members, Neutral
affidavits, Neutral
difficulties, Negative
beginning, Neutral
age, Neutral
tell, Neutral
comprehend, Neutral
measure, Neutral
separated, Neutral
class, Neutral
peers, Neutral
teachers, Neutral
slow, Negative
father, Neutral
stupid, Very negative
dropped, Positive
ninth, Neutral
grade, Positive
survived, Neutral
eating, Neutral
bouts, Neutral
food, Neutral
poisoning, Neutral
trash, Negative
cans, Neutral
streets, Neutral
edition, Neutral
deviations, Neutral
categories, Neutral
roughly, Neutral
reduce, Neutral
recommendations, Neutral
reaffirmed, Neutral
contained, Neutral
manual, Neutral
attend, Neutral
recitation, Neutral
enforce, Neutral
restriction, Neutral
i, Neutral
instructions, Neutral
positions, Neutral
significantly, Neutral
appraisal, Neutral
discounted, Neutral
suffers, Neutral
check, Positive
using, Neutral
microwave, Neutral
oven, Neutral
writing, Neutral
emphasized, Positive
concentrating, Neutral
developing, Neutral
skills, Neutral
spelled, Neutral
pool, Neutral
mowing, Neutral
lawns, Neutral
money, Neutral
improvement, Positive
weigh, Neutral
consult, Neutral
criticized, Neutral
deviate, Neutral
questioned, Neutral
legitimacy, Neutral
recounting, Neutral
criticism, Negative
adherence, Neutral
comply, Neutral
reaffirms, Neutral
evolving, Positive
k, Neutral
human, Neutral
runs, Neutral
national, Neutral
entertain, Positive
irreconcilable, Negative
close, Neutral
statistical, Neutral
inherent, Neutral
imprecision, Neutral
instrument, Neutral
yields, Neutral
cutoff, Neutral
strict, Neutral
invalidated, Neutral
clinically, Neutral
mowed, Neutral
aspect, Neutral
areas, Neutral
social, Neutral
capabilities, Neutral
conceptual, Neutral
kindergarten, Neutral
emotional, Neutral
conditions, Neutral
encountered, Neutral
literature, Neutral
frequently, Neutral
differently, Neutral
fall, Neutral
citizens, Neutral
employers, Neutral
authorities, Neutral
education, Neutral
referred, Neutral
normal, Neutral
classrooms, Neutral
career, Positive
reactions, Neutral
abilities, Neutral
spark, Neutral
skepticism, Neutral
assess, Neutral
students, Neutral
disabilities, Neutral
latest, Neutral
flexibility, Neutral
unfettered, Neutral
enforcing, Neutral
autonomy, Neutral
wished, Neutral
nullity, Neutral
supply, Neutral
constraint, Neutral
leeway, Neutral
area, Neutral
disorders, Neutral
faulted, Neutral
disregarding, Neutral
fastened, Neutral
slip, Neutral
overturns, Neutral
crafts, Neutral
confuses, Neutral
roles, Neutral
group, Neutral
firearms, Neutral
steal, Positive
disguises, Neutral
heading, Positive
straight, Neutral
courtesy, Neutral
booth, Neutral
staffed, Neutral
negotiating, Neutral
shares, Neutral
inside, Neutral
instantly, Neutral
fled, Neutral
traversed, Neutral
systems, Neutral
finally, Neutral
conducting, Neutral
crafted, Positive
modify, Neutral
rebuked, Neutral
ignoring, Neutral
corrected, Neutral
published, Neutral
included, Neutral
version, Neutral
newest, Neutral
painstaking, Positive
past, Neutral
battery, Neutral
an, Neutral
parameters, Neutral
poor, Negative
experiencing, Neutral
depression, Neutral
exerting, Neutral
unlikely, Neutral
administered, Neutral
prong, Neutral
standardized, Neutral
confronting, Neutral
conflicting, Negative
credible, Positive
considerable, Positive
showings, Neutral
supports, Neutral
overwhelmingly, Positive
addition, Neutral
extent, Neutral
specification, Neutral
concerned, Neutral
owe, Neutral
legislatures, Neutral
realm, Neutral
enactments, Neutral
instruction, Neutral
central, Neutral
identified, Neutral
distinct, Neutral
opposition, Neutral
canvassed, Neutral
policies, Neutral
sharply, Positive
departs, Neutral
societal, Neutral
deems, Neutral
repugnant, Negative
moral, Neutral
backstop, Neutral
articulation, Neutral
unworthy, Neutral
attention, Neutral
normally, Neutral
functional, Neutral
clarify, Neutral
faults, Neutral
forbidden, Neutral
undefined, Neutral
cites, Neutral
clinician, Neutral
focus, Neutral
stringency, Neutral
differs, Neutral
seeming, Neutral
enact, Neutral
flat, Negative
ban, Neutral
looking, Neutral
implicitly, Neutral
resolved, Neutral
dueling, Neutral
upset, Neutral
am, Neutral
forensic, Neutral
barring, Neutral
led, Neutral
portions, Neutral
accurately, Positive
catalog, Neutral
actual, Neutral
inferences, Neutral
insisting, Neutral
conformity, Neutral
slightest, Neutral
numerical, Neutral
expansion, Neutral
expand, Neutral
consulting, Neutral
o, Neutral
guard, Neutral
disapproval, Neutral
resort, Neutral
seventh, Neutral
elsewhere, Neutral
impulsive, Neutral
external, Neutral
stimuli, Neutral
responses, Neutral
wander, Neutral
lie, Negative
effectively, Neutral
hide, Neutral
forethought, Neutral
complex, Positive
planning, Neutral
approved, Neutral
tacitly, Neutral
legislation, Neutral
note, Neutral
exists, Neutral
domain, Neutral
alongside, Neutral
regarded, Neutral
unsurprising, Negative
flaws, Negative
scholars, Neutral
complicated, Neutral
endeavor, Neutral
jointly, Neutral
sexual, Neutral
acquitted, Neutral
retrial, Neutral
attempted, Neutral
assault, Negative
indeterminate, Neutral
paid, Neutral
inmate, Neutral
funds, Neutral
allocated, Neutral
costs, Neutral
refund, Neutral
outright, Neutral
exclusive, Neutral
compensation, Neutral
temporary, Neutral
burden, Neutral
obliged, Neutral
exacted, Neutral
fees, Neutral
retains, Neutral
sole, Neutral
allowed, Neutral
exonerated, Neutral
served, Positive
incarceration, Neutral
recoup, Neutral
successful, Very positive
inspection, Neutral
exposed, Neutral
interest, Neutral
stake, Neutral
evaluates, Neutral
balancing, Neutral
considerations, Neutral
decisively, Neutral
belong, Neutral
erased, Neutral
restored, Neutral
foundation, Neutral
prevailed, Neutral
moreover, Neutral
retain, Neutral
fine, Positive
vulnerability, Neutral
urges, Neutral
monetary, Neutral
compensate, Neutral
loss, Negative
minimize, Neutral
withhold, Neutral
comport, Neutral
asses, Neutral
refunded, Neutral
feature, Neutral
surely, Neutral
squarely, Neutral
fundamental, Neutral
deeply, Neutral
rooted, Positive
characterized, Neutral
invite, Negative
touchstone, Neutral
traditional, Positive
reminding, Neutral
argue, Negative
historical, Neutral
forms, Neutral
grounded, Positive
centuries, Neutral
tradition, Neutral
undue, Neutral
struck, Neutral
balance, Neutral
competing, Neutral
obligated, Neutral
repaid, Neutral
memorialized, Neutral
acknowledge, Neutral
recover, Neutral
penalties, Neutral
fines, Neutral
assessed, Neutral
reversal, Neutral
possessor, Neutral
equity, Neutral
conscience, Neutral
rejection, Neutral
heavy, Neutral
equitable, Neutral
projections, Neutral
financial, Neutral
rests, Neutral
restores, Neutral
wrongfully, Neutral
designed, Neutral
damaging, Neutral
declares, Neutral
attributes, Neutral
enforced, Neutral
distinctive, Positive
underlying, Neutral
unwinding, Neutral
unprecedented, Neutral
unfold, Neutral
especially, Neutral
startling, Neutral
behalf, Neutral
escrow, Neutral
executing, Neutral
third, Neutral
mere, Neutral
reimbursement, Neutral
pattern, Neutral
regrettably, Neutral
mentions, Neutral
none, Neutral
save, Neutral
strikes, Neutral
characteristics, Neutral
blanket, Neutral
militate, Neutral
injured, Neutral
situation, Neutral
proclaims, Neutral
withholding, Neutral
mandated, Neutral
recipients, Neutral
foot, Neutral
bill, Neutral
unnecessary, Neutral
pronouncement, Neutral
concur, Neutral
away, Neutral
real, Positive
existence, Neutral
acknowledges, Neutral
returning, Neutral
belongs, Neutral
protected, Neutral
guarantees, Neutral
legitimate, Neutral
understandings, Neutral
stem, Neutral
protects, Neutral
succeed, Positive
remains, Negative
became, Neutral
lawfully, Neutral
holdings, Neutral
public, Neutral
distributed, Neutral
controls, Neutral
disburses, Neutral
authorize, Neutral
constitution, Neutral
control, Neutral
recognizes, Neutral
defend, Neutral
rewrite, Neutral
invoking, Neutral
err, Neutral
sounds, Neutral
responds, Neutral
suggests, Neutral
automatic, Neutral
decline, Neutral
arises, Neutral
misses, Negative
pays, Neutral
cost, Neutral
rendered, Neutral
tied, Neutral
amounts, Neutral
takes, Neutral
competence, Positive
sums, Neutral
conceived, Neutral
tuition, Neutral
waivers, Neutral
institutions, Neutral
sex, Positive
offender, Neutral
registry, Neutral
parole, Neutral
misapprehends, Neutral
offends, Neutral
unquestionably, Neutral
invites, Neutral
gets, Neutral
sights, Negative
invalidity, Neutral
enable, Neutral
gained, Neutral
candle, Neutral
reducing, Neutral
deposit, Neutral
opines, Neutral
incomplete, Neutral
substantially, Neutral
tension, Neutral
intermediate, Neutral
invariably, Neutral
hardly, Neutral
originally, Neutral
baseline, Neutral
entitles, Neutral
miscarriage, Neutral
factually, Neutral
registered, Neutral
site, Neutral
sources, Neutral
positive, Positive
down, Neutral
restricts, Neutral
cyberspace, Neutral
media, Neutral
users, Neutral
directions, Neutral
forces, Neutral
conscious, Neutral
vast, Neutral
networks, Neutral
scant, Neutral
extreme, Neutral
medium, Neutral
background, Neutral
informs, Neutral
inventions, Neutral
heralded, Neutral
exploited, Neutral
advances, Positive
serious, Neutral
instincts, Neutral
decent, Positive
assumptions, Neutral
resolving, Neutral
commonplace, Neutral
networking, Neutral
sites, Neutral
contacting, Neutral
enacts, Neutral
allows, Neutral
altogether, Neutral
reform, Neutral
criminals, Neutral
benefits, Positive
campaigning, Neutral
protect, Neutral
buffer, Neutral
zone, Neutral
impermissible, Neutral
larger, Neutral
rs, Neutral
ordinance, Neutral
permissible, Neutral
commercial, Neutral
introduction, Neutral
meeting, Neutral
user, Neutral
photographs, Neutral
page, Neutral
visitors, Neutral
fourth, Neutral
exemptions, Neutral
girl, Neutral
register, Neutral
qualifies, Neutral
gaining, Neutral
ticket, Neutral
logged, Neutral
posted, Neutral
profile, Neutral
started, Neutral
noticed, Neutral
citation, Neutral
checking, Neutral
confirmed, Neutral
suspicions, Neutral
contacted, Neutral
illicit, Neutral
preventing, Neutral
arbitrarily, Neutral
burdens, Neutral
offenders, Neutral
unrelated, Negative
respects, Positive
carefully, Neutral
prohibit, Neutral
alarming, Negative
combat, Neutral
spatial, Neutral
street, Neutral
quintessential, Neutral
park, Neutral
venues, Neutral
modern, Neutral
era, Neutral
there, Neutral
difficulty, Negative
democratic, Neutral
forums, Neutral
billion, Neutral
active, Neutral
kinds, Neutral
relatively, Neutral
unlimited, Neutral
religion, Neutral
politics, Negative
advertise, Neutral
representatives, Neutral
elected, Neutral
websites, Neutral
array, Neutral
diverse, Positive
topics, Neutral
participants, Neutral
unaware, Negative
revolution, Neutral
unable, Negative
closed, Neutral
proportions, Neutral
ourselves, Neutral
historic, Positive
survive, Neutral
scrutiny, Negative
serve, Neutral
technologies, Neutral
instruments, Neutral
legislature, Neutral
evils, Neutral
wording, Neutral
varied, Neutral
stroke, Negative
bars, Neutral
town, Positive
crier, Neutral
voice, Neutral
unsettling, Neutral
ideas, Neutral
upheld, Neutral
feet, Neutral
polling, Neutral
expression, Neutral
airport, Neutral
surpassing, Neutral
importance, Neutral
staggering, Neutral
visit, Neutral
powerless, Neutral
restrict, Neutral
dangerous, Neutral
predators, Neutral
bound, Positive
troubled, Negative
implications, Neutral
content, Positive
wish, Neutral
restrictions, Neutral
demanding, Negative
advocates, Neutral
satisfies, Very positive
prevention, Neutral
exploitation, Negative
juveniles, Neutral
operated, Neutral
sensitive, Neutral
sustained, Neutral
pose, Neutral
grave, Negative
reenter, Neutral
protecting, Neutral
recidivist, Neutral
internet, Neutral
tool, Neutral
abuser, Neutral
powerful, Very positive
unavailable, Neutral
communicating, Neutral
location, Neutral
strangers, Neutral
photos, Neutral
sending, Neutral
conversations, Neutral
lure, Neutral
posts, Neutral
uses, Neutral
documented, Neutral
reported, Neutral
occurring, Neutral
accessing, Neutral
enormous, Positive
defines, Neutral
website, Neutral
encompasses, Neutral
casual, Neutral
exchange, Neutral
fit, Positive
comment, Neutral
function, Neutral
undoubtedly, Neutral
sweep, Neutral
precludes, Neutral
illustrates, Positive
derives, Neutral
seller, Neutral
products, Neutral
facilitates, Neutral
purchases, Neutral
product, Neutral
upload, Neutral
equivalent, Neutral
bus, Neutral
passengers, Neutral
name, Neutral
news, Neutral
minors, Neutral
introductions, Neutral
ads, Neutral
articles, Neutral
mechanism, Neutral
communicate, Neutral
limits, Neutral
doctor, Neutral
care, Positive
preventative, Neutral
exhibits, Neutral
aggregated, Neutral
illustrate, Neutral
details, Neutral
profiles, Neutral
moment, Positive
categorically, Neutral
compelled, Neutral
sweeps, Neutral
loose, Negative
sense, Neutral
forum, Neutral
century, Neutral
preclude, Neutral
adult, Neutral
attentive, Positive
easier, Neutral
monitor, Neutral
locations, Neutral
approaching, Neutral
frequented, Neutral
loitering, Neutral
seen, Neutral
molester, Neutral
degree, Neutral
anonymity, Neutral
cautious, Neutral
interacting, Neutral
cell, Neutral
phone, Neutral
gay, Neutral
enticed, Neutral
coerced, Neutral
network, Neutral
chat, Neutral
seems, Neutral
facilitation, Neutral
transactions, Neutral
