,,,Subject,Relationship,Object,Orginal Sentece
absence,absence,criminal_triples/case_11.txt,evidence,changed outcome in,absence of counsel 's error,"In particular, the ""assessment"" will primarily turn on ""a prediction whether,"" in the absence of counsel's error, ""the evidence"" of the defendant's innocence or guilt ""likely would have changed the outcome"" of the proceeding"
absent,absent,criminal_triples/case_11.txt,hypothetical trial,played out,absent error,"Rather than asking how a hypothetical trial would have played out absent the error, the Court considered whether there was an adequate showing that the defendant, properly advised, would have opted to go to trial"
accrual,accrual,criminal_triples/case_15.txt,Seventh Circuit,should determine,claim 's accrual date,"On remand, the Seventh Circuit should determine the claim's accrual date, unless it finds that the City has previously waived its timeliness argument"
acquitted,acquitted,criminal_triples/case_19.txt,she,was acquitted of,charges,"On appeal, Nelson's conviction was reversed for trial error, and on retrial, she was acquitted of all charges"
acutely,acutely,criminal_triples/case_17.txt,our approach,is acutely unfair by,ing,"(Nor do we agree with the dissent that our approach is ""acutely unfair to Alabama"" by not ""giv[ing] the State a fair chance to respond."
adversarial,adversarial,criminal_triples/case_17.txt,norm,is in,our adversarial system,"These limitations are at odds with the defense-expert model, which McWilliams characterizes as ""the norm in our adversarial system."
adversary,adversary,criminal_triples/case_17.txt,they,are,in our adversary system customarily performed by expert,"While it is possible for a neutral expert to provide these services, in our adversary system they are customarily performed by an expert working exclusively for one of the parties"
adverse,adverse,criminal_triples/case_11.txt,representation,prejudiced defendant by,ha adverse effect,"The Court in Strickland held that a defendant may establish a claim of ineffective assistance of counsel by showing that his ""counsel's representation fell below an objective standard of reasonableness"" and, as relevant here, that the representation prejudiced the defendant by ""actually ha[ving] an adverse effect on the defense."
affected,affected,criminal_triples/case_13.txt,Tharpe 's race,affected,Gattie 's vote,Gattie's remarkable affidavit--which he never retracted--presents a strong factual basis for the argument that Tharpe's race affected Gattie's vote for a death verdict
against,against,criminal_triples/case_11.txt,Guilty pleas,are therefore entitled to,protections against collateral attack,"Guilty pleas, like completed trials, are therefore entitled to the protections against collateral attack that the Strickland prejudice standard affords"
aimed,aimed,criminal_triples/case_13.txt,Tharpe,aimed,shotgun,Tharpe aimed a shotgun at the car and ordered his wife to get into his truck
allegation,allegation,criminal_triples/case_13.txt,Tharpe 's allegation,was insufficient,he had failed,"Tharpe's allegation of ineffective assistance of counsel was insufficient to establish cause because he had ""failed to establish the requisite deficiency or prejudice."
allegations,allegations,criminal_triples/case_15.txt,we,accept as,factual allegations in complaint,"Because we here review an order dismissing Manuel's suit, we accept as true all the factual allegations in his complaint"
alleged,alleged,criminal_triples/case_15.txt,Illinois,calls,related information provided by alleged purchaser,Oliver testified at what Illinois calls a preliminary examination and apparently related the information provided by the alleged purchaser
allegedly,allegedly,criminal_triples/case_15.txt,they,were allegedly unsupported by,probable cause,"That the pretrial restraints in Albright arose pursuant to legal process made no difference, given that they were allegedly unsupported by probable cause"
alleges,alleges,criminal_triples/case_11.txt,defendant,alleges,his counsel 's performance,"When a defendant alleges his counsel's deficient performance led him to accept a guilty plea rather than go to trial, we do not ask whether, had he gone to trial, the result of that trial ""would have been different"" than the result of the plea bargain"
alleging,alleging,criminal_triples/case_15.txt,Manuel 's complaint,alleging,Amendment violation,"So the Seventh Circuit held that Manuel's complaint, in alleging only a Fourth Amendment violation, rested on the wrong part of the Constitution: A person detained following the onset of legal process could at most (although, the court agreed, not in Illinois) challenge his pretrial confinement via the Due Process Clause"
apprehended,apprehended,criminal_triples/case_17.txt,McWilliams,was,apprehended,"After McWilliams was apprehended, he bragged to other jail inmates about what he had done"
argued,argued,criminal_triples/case_11.txt,defendant,argued In,case,"In that case, the defendant argued that his counsel was constitutionally ineffective because he had failed to seek suppression of his confession before he pleaded no contest"
arguing,arguing,criminal_triples/case_15.txt,principal dissent,arguing for,speed,"In arguing for still greater speed, the principal dissent invoked the original meaning of ""the Fourth Amendment's prohibition of 'unreasonable seizures,' insofar as it applies to seizure of the person."
arraigned,arraigned,criminal_triples/case_15.txt,Manuel,is,arraigned,"April 8, 2011: Manuel is arraigned"
arraignments,arraignments,criminal_triples/case_11.txt,stages,include,arraignments,"Those stages include not only ""the entry of a guilty plea,"" but also ""arraignments, postindictment interrogation, [and] postindictment lineups."
arrest,arrest,criminal_triples/case_12.txt,he,sequence of,events from offense to his arrest to trial,"In Dr. Goff's opinion, however, Madison does not ""understan[d] the act that . . . he is being punished for"" because he cannot recall ""the sequence of events from the offense to his arrest to the trial or any of those details"" and believes that he ""never went around killing folks."
arrested,arrested,criminal_triples/case_15.txt,they,Still arrested,Manuel,"Still, they arrested Manuel and took him to the police station"
avoiding,avoiding,criminal_triples/case_15.txt,Court 's decision,avoiding,question presented,The Court's decision today violates that rule by avoiding the question presented in order to reach an unnecessary and tricky issue
avoids,avoids,criminal_triples/case_17.txt,Court,avoids,that,The Court avoids that outcome by means of a most unseemly maneuver
ban,ban,criminal_triples/case_18.txt,AAIDD,enact,flat ban looking,"But the stringency of their caution differs, with the AAIDD seeming to enact a flat ban on ever looking to functioning in prison and the DSM urging ""if possible"" to consider ""corroborative information reflecting functioning outside"" of prison"
bar,bar,criminal_triples/case_11.txt,Strickland,has,high bar,"Surmounting Strickland's high bar is never an easy task, Padilla v. Kentucky, 559 U. S. 356, 371 (2010), and the strong societal interest in finality has ""special force with respect to convictions based on guilty pleas."
barred,barred,criminal_triples/case_15.txt,applicable two-year statute,barred,his arrest claim,"The District Court dismissed Manuel's suit, holding, first, that the applicable two-year statute of limitations barred his unlawful arrest claim, and, second, that under binding Circuit precedent, pretrial detention following the start of legal process (here, the judge's probable-cause determination) could not give rise to a Fourth Amendment claim"
brutally,brutally,criminal_triples/case_17.txt,McWilliams,brutally raped Reynolds in,back room,"McWilliams robbed the store, brutally raped Reynolds in a back room, then left her on the floor to die after shooting her six times execution style with a .38 caliber pistol"
burden,burden,criminal_triples/case_19.txt,State,has,burden prove,"Other procedures cited by Colorado--the need for probable cause to support criminal charges, the jury-trial right, and the State's burden to prove guilt beyond a reasonable doubt--do not address the risk faced by a defendant whose conviction has been overturned that she will not recover funds taken from her based solely on a conviction no longer valid"
burdens,burdens,criminal_triples/case_20.txt,law,arbitrarily burdens,registered sex offenders,"Rather, the law ""arbitrarily burdens all registered sex offenders by preventing a wide range of communication and expressive activity unrelated to achieving its purported goal."
callously,callously,criminal_triples/case_13.txt,its disposition,callously delays,justice,"And its unusual disposition of his case callously delays justice for Jaquelin Freeman, the black woman who was brutally murdered by Tharpe 27 years ago"
challenge,challenge,criminal_triples/case_11.txt,challenge,will,will highly fact-intensive undertaking,"Under the Court's standard, a challenge to a guilty plea will be a highly fact-intensive, defendant-specific undertaking"
challenged,challenged,criminal_triples/case_14.txt,he,nonetheless challenged,restitution amount,"When he nonetheless challenged the restitution amount before the Eleventh Circuit, the Government argued that he had forfeited his right to do so by failing to file a second notice of appeal"
challenging,challenging,criminal_triples/case_15.txt,He,challenging,constitutionality,"He then brought a §1983 suit, challenging the constitutionality of the search that led to the discovery of the drugs on which his criminal charge was based"
charge,charge,criminal_triples/case_11.txt,Lee,has,defense to charge,"At an evidentiary hearing, both Lee and his plea-stage counsel testified that ""deportation was the determinative issue"" to Lee in deciding whether to accept a plea, and Lee's counsel acknowledged that although Lee's defense to the charge was weak, if he had known Lee would be deported upon pleading guilty, he would have advised him to go to trial"
charges,charges,criminal_triples/case_15.txt,policeman,based on,unfounded charges,"The §1983 plaintiff in Albright complained of various pretrial restraints imposed after a court found probable cause to issue an arrest warrant, and then bind him over for trial, based on a policeman's unfounded charges"
charging,charging,criminal_triples/case_15.txt,sworn complaint,charging Manuel with,possession substance,"On the basis of those false statements, another officer filed a sworn complaint charging Manuel with unlawful possession of a controlled substance"
coerced,coerced,criminal_triples/case_20.txt,United States,coerced,child,"See, e.g., Himko v. English, 2016 WL 7645584, *1 (ND Fla., Dec. 5, 2016) (a convicted rapist and registered sex offender ""contacted a sixteen-year-old girl using . . . Facebook"" and then exchanged explicit text messages and photographs with her), report and recommendation adopted, 2017 WL 54246 (Jan. 4, 2017); Roberts v. United States, 2015 WL 7424858, *2-*3 (SD Ohio, Nov. 23, 2015) (the defendant ""met a then 14-year-old child online via a social networking website called vampirefreaks.com"" and then enticed the child to his home and ""coerced the child to perform oral sex on him""), report and recommendation adopted, 2016 WL 112647 (Jan. 8, 2016), certificate of appealability denied, No. 16-3050 (CA6 June 15, 2016); State v. Murphy, 2016-0901, p. 3 (La"
cognizant,cognizant,criminal_triples/case_13.txt,Court,is cognizant of,weakness of Tharpe 's claims,The Court is cognizant of the weakness of Tharpe's claims
combat,combat,criminal_triples/case_20.txt,State,seeks,combat,"They stated that the law impermissibly ""creates a criminal prohibition of alarming breadth and extends well beyond the evils the State seeks to combat."
conceded,conceded,criminal_triples/case_11.txt,Government,conceded On,appeal,"On appeal, the Government conceded that the performance of Lee's attorney had been deficient"
concur,concur,criminal_triples/case_19.txt,I,concur For,reasons,"For these reasons, I concur only in the judgment"
confession,confession,criminal_triples/case_11.txt,he,seek,suppression of his confession,"In that case, the defendant argued that his counsel was constitutionally ineffective because he had failed to seek suppression of his confession before he pleaded no contest"
confinement,confinement,criminal_triples/case_15.txt,person,could challenge,his confinement,"So the Seventh Circuit held that Manuel's complaint, in alleging only a Fourth Amendment violation, rested on the wrong part of the Constitution: A person detained following the onset of legal process could at most (although, the court agreed, not in Illinois) challenge his pretrial confinement via the Due Process Clause"
confuses,confuses,criminal_triples/case_18.txt,Today 's opinion,confuses,roles,"Today's opinion confuses those roles, and I respectfully dissent"
contrary,contrary,criminal_triples/case_11.txt,he,was contrary to,so his attorney 's advice subject to deportation as result,"Lee had in fact pleaded guilty to an ""aggravated felony"" under the Immigration and Nationality Act, 8 U. S. C. §1101(a)(43)(B), so he was, contrary to his attorney's advice, subject to mandatory deportation as a result of that plea"
convict,convict,criminal_triples/case_16.txt,it,convict,Marinello of Omnibus Clause violation,"The judge instructed the jury that, to convict Marinello of an Omnibus Clause violation, it must find that he ""corruptly"" engaged in at least one of eight specified activities, but the jury was not told that it needed to find that Marinello knew he was under investigation and intended corruptly to interfere with that investigation"
convicted,convicted,criminal_triples/case_11.txt,he,would convicted at,trial,"The attorney advised Lee that going to trial was ""very risky"" and that, if he pleaded guilty, he would receive a lighter sentence than he would if convicted at trial"
conviction,conviction,criminal_triples/case_11.txt,he,vacate,his conviction,"When Lee learned of this consequence, he filed a motion to vacate his conviction and sentence, arguing that his attorney had provided constitutionally ineffective assistance"
convictions,convictions,criminal_triples/case_11.txt,criminal convictions,percent of are,result,"Given that more than 90 percent of criminal convictions are the result of guilty pleas, Frye, 566 U. S., at 143, the burden of holding evidentiary hearings on these claims could be significant"
corruptly,corruptly,criminal_triples/case_16.txt,he,corruptly engaged in,at least one of eight specified activities,"The judge instructed the jury that, to convict Marinello of an Omnibus Clause violation, it must find that he ""corruptly"" engaged in at least one of eight specified activities, but the jury was not told that it needed to find that Marinello knew he was under investigation and intended corruptly to interfere with that investigation"
counter,counter,criminal_triples/case_18.txt,medical profession,counter,stereotypes,"The medical profession has endeavored to counter lay stereotypes, and the Briseno factors are an outlier, in comparison both to other States' handling of intellectual-disability pleas and to Texas' own practices in contexts other than the death penalty"
courtesy,courtesy,criminal_triples/case_18.txt,three,heading,straight to courtesy booth staffed,"After negotiating their respective shares of the money they intended to steal and donning disguises, the three went inside, heading straight to a courtesy booth staffed by James McCarble and Edna Scott"
criminal,criminal,criminal_triples/case_11.txt,criminal conviction,affect,his status,"Although he has lived in this country for most of his life, Lee is not a United States citizen, and he feared that a criminal conviction might affect his status as a lawful permanent resident"
criminals,criminals,criminal_triples/case_20.txt,criminals,might receive,benefits for access,"Even convicted criminals--and in some instances especially convicted criminals--might receive legitimate benefits from these means for access to the world of ideas, particularly if they seek to reform and to pursue lawful and rewarding lives"
criticized,criticized,criminal_triples/case_18.txt,She,criticized,majority,"She criticized the majority for relying on manuals superseded in the medical community, id., at 530-534, 536-539, and for disregarding the habeas court's credibility determinations, id., at 535-536, 538-539"
cruelty,cruelty,criminal_triples/case_12.txt,cruelty,periods between,death sentence,And we may well have to consider the ways in which lengthy periods of imprisonment between death sentence and execution can deepen the cruelty of the death penalty while at the same time undermining its penological rationale
culpability,culpability,criminal_triples/case_16.txt,distinction,meaningful difference in,culpability,"For the same reason, we find unconvincing the dissent's argument that the distinction between ""willfully"" and ""corruptly""--at least as defined by the Government--reflects any meaningful difference in culpability"
custody,custody,criminal_triples/case_15.txt,Manuel,remained in,custody,"But Manuel remained in custody, spending a total of 48 days in pretrial detention"
cut,cut,criminal_triples/case_15.txt,effect,cut off,Manuel 's claim on date,The effect of that view would be to cut off Manuel's claim on the date of his grand jury indictment (March 30)--even though that indictment (like the County Court's probable-cause proceeding) was entirely based on false testi-mony and even though Manuel remained in detention for 36 days longer
damages,damages,criminal_triples/case_15.txt,individual,may seek,damages,"By the same token, an individual may seek damages for pretrial Fourth Amendment violations even after a valid conviction"
damaging,damaging,criminal_triples/case_19.txt,Court 's disregard,is,particularly damaging,The Court's disregard of historical practice is particularly damaging when it comes to the question of restitution
decline,decline,criminal_triples/case_19.txt,petitioners,decline,invoke,"In the absence of any property right under state law (apart from the right provided by the Exoneration Act, which petitioners decline to invoke), Colorado's refusal to return the money is not a ""depriv[ation]"" of ""property"" within the meaning of the Fourteenth Amendment"
defects,defects,criminal_triples/case_14.txt,court,may overlook defects in,notice of appeal other than failure to timely file notice,"The court of appeals may, in its discretion, overlook defects in a notice of appeal other than the failure to timely file a notice"
deficiencies,deficiencies,criminal_triples/case_17.txt,deficiencies,were suggestive of,right hemisphere lesion,"These deficiencies were ""suggestive of a right hemisphere lesion"" and ""compatible with the injuries [McWilliams] sa[id] he sustained as a child."
deficiency,deficiency,criminal_triples/case_13.txt,he,establish,requisite deficiency,"Tharpe's allegation of ineffective assistance of counsel was insufficient to establish cause because he had ""failed to establish the requisite deficiency or prejudice."
deficient,deficient,criminal_triples/case_11.txt,counsel,has,deficient performance,"(a) When a defendant claims that his counsel's deficient performance deprived him of a trial by causing him to accept a plea, the defendant can show prejudice by demonstrating a ""reasonable probability that, but for counsel's errors, he would not have pleaded guilty and would have insisted on going to trial."
deficits,deficits,criminal_triples/case_18.txt,significant adaptive deficits,is in,three skill sets,"And relying on testimony from mental-health professionals, the court found significant adaptive deficits in all three skill sets (conceptual, social, and practical)"
deleted,deleted,criminal_triples/case_16.txt,Congress,deleted,therein,"But Congress subsequently deleted the word ""therein,"" leaving only a broadly worded prohibition against obstruction of ""the due administration of justice."
denial,denial,criminal_triples/case_11.txt,Court,affirmed,denial,The Court of Appeals for the Sixth Circuit affirmed the denial of relief
denied,denied,criminal_triples/case_11.txt,District Court,however denied,relief,"The District Court, however, denied relief, and the Sixth Circuit affirmed"
deportation,deportation,criminal_triples/case_11.txt,he,face,deportation,"During the plea process, Lee repeatedly asked his attorney whether he would face deportation; his attorney assured him that he would not be deported as a result of pleading guilty"
deported,deported,criminal_triples/case_11.txt,Lee,be deported,weak,"At an evidentiary hearing, both Lee and his plea-stage counsel testified that ""deportation was the determinative issue"" to Lee in deciding whether to accept a plea, and Lee's counsel acknowledged that although Lee's defense to the charge was weak, if he had known Lee would be deported upon pleading guilty, he would have advised him to go to trial"
depression,depression,criminal_triples/case_18.txt,poor effort,experiencing,depression,"The CCA found, however, that Moore's score was unlikely to be in the lower end of the error-generated range because he was likely exerting poor effort and experiencing depression at the time the test was administered--both factors that Moore's experts agreed could artificially deflate IQ scores"
deprivation,deprivation,criminal_triples/case_15.txt,deprivation,occurs,legal process commences,"And so too, a later decision indicates, those objecting to a pretrial deprivation of liberty may invoke the Fourth Amendment when (as here) that deprivation occurs after legal process commences"
deprivations,deprivations,criminal_triples/case_15.txt,deprivations,were pursuant to,process,"That the deprivations at issue were pursuant to legal process made no difference, given that they were (allegedly) unsupported by probable cause; indeed, neither of the two opinions so much as mentioned that procedural circumstance"
deprived,deprived,criminal_triples/case_17.txt,Court,was thus deprived of,benefit of briefing on issue,"Narrow holdings have their place, but here: (1) We denied review of the narrow question; (2) the question decided is not just narrow, it is the sort of factbound question as to which review is disfavored, see this Court's Rule 10; (3) the narrow question is not fairly included in the question presented, see this Court's Rule 14(a); (4) deciding the case on this narrow ground leaves in place the conflict in the lower courts that supported the grant of certiorari; and (5) the parties were not given notice of this possible disposition, and the Court was thus deprived of the benefit of full briefing and argument on the issue"
depriving,depriving,criminal_triples/case_15.txt,person,depriving,person,"The term ""seizure"" applies most directly to the act of taking a person into custody or otherwise depriving the person of liberty"
detain,detain,criminal_triples/case_15.txt,probable cause,detain,Manuel,"Relying exclusively on that complaint, a county court judge found probable cause to detain Manuel pending trial"
detained,detained,criminal_triples/case_15.txt,person,is,detained,"Once a person is detained pursuant to legal process, the court stated, ""the Fourth Amendment falls out of the picture and the detainee's claim that the detention is improper becomes [one of] due process."
detaining,detaining,criminal_triples/case_15.txt,Fourth Amendment,detaining,person absent probable cause,The Fourth Amendment prohibits government officials from detaining a person absent probable cause
detracted,detracted,criminal_triples/case_18.txt,Moore 's record,detracted along with,history,"(2) The CCA further concluded that Moore's record of academic failure, along with a history of childhood abuse and suffering, detracted from a determination that his intellectual and adaptive deficits were related"
differ,differ,criminal_triples/case_16.txt,language,here differ,sure,"To be sure, the language and history of the provision at issue here differ somewhat from that of other obstruction provisions we have considered in the past"
difference,difference,criminal_triples/case_16.txt,requirement,will make difference in,context of federal tax prosecutions,"The Government claims that the ""corrupt state of mind"" requirement will cure any overbreadth problem, but it is difficult to imagine a scenario when that requirement will make a practical difference in the context of federal tax prosecutions"
differences,differences,criminal_triples/case_16.txt,us,ignore precedents because of,differences,The Government and the dissent urge us to ignore these precedents because of those differences
different,different,criminal_triples/case_11.txt,result,been different for,counsel 's unprofessional errors,"A defendant raising such a claim can demonstrate prejudice by showing ""a reasonable probability that, but for counsel's unprofessional errors, the result of the proceeding would have been different."
differentiate,differentiate,criminal_triples/case_16.txt,mens rea requirements,differentiate culpability For,reason,"For that reason, different mens rea requirements often differentiate culpability for the same conduct"
differently,differently,criminal_triples/case_18.txt,persons,be,treated differently under clinical standards than under Texas ' capital system,"After observing that persons with ""mild"" intellectual disability might be treated differently under clinical standards than under Texas' capital system, the CCA defined its objective as identifying the ""consensus of Texas citizens"" on who ""should be exempted from the death penalty."
differs,differs,criminal_triples/case_18.txt,stringency,differs,AAIDD seeming,"But the stringency of their caution differs, with the AAIDD seeming to enact a flat ban on ever looking to functioning in prison and the DSM urging ""if possible"" to consider ""corroborative information reflecting functioning outside"" of prison"
disabled,disabled,criminal_triples/case_18.txt,Moore,qualified as,disabled,"A state habeas court subsequently determined that, under Atkins v. Virginia, 536 U. S. 304, and Hall v. Florida, 572 U. S. ___, Moore qualified as intellectually disabled and that his death sentence therefore violated the Eighth Amendment's proscription of ""cruel and unusual punishments."
disagreement,disagreement,criminal_triples/case_12.txt,error,was beyond,possibility for fairminded disagreement,"A habeas petitioner meets this demanding standard only when he shows that the state court's decision was ""so lacking in justification that there was an error well understood and comprehended in existing law beyond any possibility for fairminded disagreement."
disagrees,disagrees,criminal_triples/case_17.txt,majority,disagrees with,with Court decision,"If the majority disagrees with the Court of Appeals' decision on that question, it should explain its reasons, but the majority is unwilling to tackle that matter and instead recites that ""we are a court of review, not first view."
disapproval,disapproval,criminal_triples/case_18.txt,finding,is in,personal disapproval,"As Justice Frankfurter cautioned, ""[o]ne must be on guard against finding in personal disapproval a reflection of more or less prevailing condemnation."
disfavor,disfavor,criminal_triples/case_17.txt,practice disfavor questions,see,Court 's Rule 10,"Our Rules and practice disfavor questions of this nature, see this Court's Rule 10, and we denied review"
dismissed,dismissed,criminal_triples/case_14.txt,His notice,was dismissed as,premature,"His notice of appeal was dismissed as premature under Federal Rule of Criminal Procedure 37(a)(2), which then governed notices of appeal in criminal cases"
dismissing,dismissing,criminal_triples/case_17.txt,dismissing cases,improvidently granted on,ground,"Visa, Inc. v. Osborn, 580 U. S. ___ (2016) (internal quotation marks omitted) (dismissing cases as improvidently granted on this ground)"
disorder,disorder,criminal_triples/case_17.txt,McWilliams,had,thought disorder,"McWilliams also described his history of psychiatric and psychological evaluations, reading from the prearrest report of one psychologist, who concluded that McWilliams had a ""blatantly psychotic thought disorder"" and needed inpatient treatment"
dispose,dispose,criminal_triples/case_13.txt,Eleventh Circuit,chose,dispose,The question of prejudice--the ground on which the Eleventh Circuit chose to dispose of Tharpe's application--is not the only question relevant to the broader inquiry whether Tharpe should receive a COA
dispute,dispute,criminal_triples/case_15.txt,We,leave,consideration of dispute to Court of Appeals,We leave consideration of this dispute to the Court of Appeals.
disregard,disregard,criminal_triples/case_18.txt,Florida,had disregard practice id. at,___,"Relying on the most recent (and still current) versions of the leading diagnostic manuals, the Court concluded in Hall that Florida had ""disregard[ed] established medical practice,"" id., at ___, and had parted ways with practices and trends in other States, id., at ___-___"
disregarding,disregarding,criminal_triples/case_18.txt,CCA,faulted habeas court for,disregarding,"The CCA, however, faulted the habeas court for ""disregarding [the CCA's] case law and employing the definition of intellectual disability presently used by the AAIDD."
disrespects,disrespects,criminal_triples/case_13.txt,majority,disrespects,judges,"By adopting the least charitable reading of the Eleventh Circuit's decision, the majority ""disrespects the judges of the courts of appeals, who are appointed and confirmed as we are."
dissent,dissent,criminal_triples/case_11.txt,dissent,also relies heavily on,Missouri,"The dissent also relies heavily on Missouri v. Frye, 566 U. S. 134 (2012), and Lafler v. Cooper, 566 U. S. 156 (2012)"
dissented,dissented,criminal_triples/case_17.txt,he,dissented from,denial,Justice Marshall demonstrated this a few years later when he dissented from the denial of certiorari in a case that presented the very issue that the Court now dodges
dissenting,dissenting,criminal_triples/case_13.txt,Justice Gorsuch,join,dissenting,"Justice Thomas, with whom Justice Alito and Justice Gorsuch join, dissenting"
disturbance,disturbance,criminal_triples/case_17.txt,McWilliams,has,symptoms of psychiatric disturbance,"Even Dr. Goff found it ""quite obvious"" that McWilliams's ""symptoms of psychiatric disturbance [were] quite exaggerated and, perhaps, feigned."
disturbed,disturbed,criminal_triples/case_13.txt,Court,must,must disturbed by rhetoric in affidavit,"The Court must be disturbed by the racist rhetoric in that affidavit, and must want to do something about it"
erase,erase,criminal_triples/case_13.txt,Its summary vacatur,erase,fac,"Its summary vacatur will not stop Tharpe's execution or erase the ""unusual fac[t]"" of the affidavit"
erased,erased,criminal_triples/case_19.txt,convictions,were,erased,"But once those convictions were erased, the presumption of their innocence was restored"
err,err,criminal_triples/case_19.txt,they,err,petitioners want,"If petitioners want this Court to rewrite the contours of the substantive entitlement contained in the Exoneration Act, they err in invoking procedural due process"
erred,erred,criminal_triples/case_17.txt,Alabama courts,even erred in,their application of law,"The Eleventh Circuit held in the alternative that, even if the Alabama courts clearly erred in their application of federal law, their ""error"" nonetheless did not have the ""substantial and injurious effect or influence"" required to warrant a grant of habeas relief, Davis v. Ayala, 576 U. S. ___, ___ (2015) (slip op., at 10) (internal quotation marks omitted)"
erroneous,erroneous,criminal_triples/case_11.txt,counsel,by,erroneous advice,Held: Lee has demonstrated that he was prejudiced by his counsel's erroneous advice
evade,evade,criminal_triples/case_17.txt,he,did evade,criminal prosecution,"One of these psychiatrists also concluded that McWilliams was ""grossly exaggerating his psychological symptoms to mimic mental illness"" and that he ""obviously"" did so ""to evade criminal prosecution."
execution,execution,criminal_triples/case_12.txt,Madison,has,execution,"In 2016, as Madison's execution neared, he petitioned the trial court for a suspension of his death sentence"
exonerated,exonerated,criminal_triples/case_19.txt,Exoneration Act,is exclusive process for,exonerated defendants,"As no other statute addresses refunds, the court concluded that the Exoneration Act is the ""exclusive process for exonerated defendants seeking a refund of costs, fees, and restitution."
falsified,falsified,criminal_triples/case_15.txt,he,based on,falsified evidence,Manuel alleges that he was arrested and held based entirely on falsified evidence
fatally,fatally,criminal_triples/case_18.txt,Bobby James Moore,fatally shot store clerk during,botched robbery,Bobby James Moore fatally shot a store clerk during a botched robbery
faulted,faulted,criminal_triples/case_18.txt,CCA,faulted habeas court for,disregarding,"The CCA, however, faulted the habeas court for ""disregarding [the CCA's] case law and employing the definition of intellectual disability presently used by the AAIDD."
faults,faults,criminal_triples/case_18.txt,Court,faults CCA for,overemphasiz strengths,"The Court faults the CCA for ""overemphasiz[ing]"" strengths and ""stress[ing]"" Moore's conduct in prison, ante, at 12-13, suggesting that some--but not too much--consideration of strengths and prison functioning is acceptable"
felonies,felonies,criminal_triples/case_13.txt,Tharpe,committing,two capital felonies,"As aggravating factors, the jury found that Tharpe murdered Freeman while committing two other capital felonies--the aggravated kidnapings of his wife and Freeman--and that the murder was outrageously or wantonly vile, horrible, or inhuman"
felony,felony,criminal_triples/case_16.txt,clause,makes,it felony corruptly or,"A clause in §7212(a) of the Internal Revenue Code makes it a felony ""corruptly or by force"" to ""endeavo[r] to obstruct or imped[e] the due administration of this title."
forbidden,forbidden,criminal_triples/case_18.txt,forbidden,totally undefined by,today 's decision,"The line between the permissible--consideration, maybe even emphasis--and the forbidden--""overemphasis""--is not only thin, but totally undefined by today's decision"
forbids,forbids,criminal_triples/case_12.txt,Eighth Amendment,forbids,execution,"In Panetti, this Court addressed the question whether the Eighth Amendment forbids the execution of a prisoner who lacks ""the mental capacity to understand that [he] is being executed as a punishment for a crime."
forfeited,forfeited,criminal_triples/case_14.txt,he,forfeited,his right do so,"When he nonetheless challenged the restitution amount before the Eleventh Circuit, the Government argued that he had forfeited his right to do so by failing to file a second notice of appeal"
grievous,grievous,criminal_triples/case_16.txt,uncertainty,grievous ambiguity in,statute Court must guess,"But the rule of lenity applies only if after applying ordinary tools of statutory interpretation, ""there remains a grievous ambiguity or uncertainty in the statute such that the Court must simply guess as to what Congress intended."
grim,grim,criminal_triples/case_11.txt,his prospects,were,grim,"Here Lee knew, correctly, that his prospects of acquittal at trial were grim, and his attorney's error had nothing to do with that"
ignored,ignored,criminal_triples/case_11.txt,possibility,must,In proceeding must ignored,"In a presumptively reliable proceeding, ""the possibility of arbitrariness, whimsy, caprice, 'nullification,' and the like"" must by definition be ignored"
ignores,ignores,criminal_triples/case_13.txt,it,First ignores,deference,"First, it ignores the deference that appellate courts must give to trial courts' findings on questions of juror bias"
ignoring,ignoring,criminal_triples/case_18.txt,Okla,ignoring,binding CCA precedent,"Just as we have corrected lower courts for taking it upon themselves to dismiss our precedent as outdated, see, e.g., Bosse v. Okla- homa, 580 U. S. ___, ___ (2016) (per curiam) (slip op., at 2), so too the CCA rebuked the habeas court for ignoring binding CCA precedent"
ill,ill,criminal_triples/case_11.txt,categorical rules,are,ill,"First, it forgets that categorical rules are ill suited to an inquiry that demands a ""case-by-case examination"" of the ""totality of the evidence."
illegal,illegal,criminal_triples/case_15.txt,pills,be,illegal drugs,"Suspecting the pills to be illegal drugs, the officers conducted a field test, which came back negative for any controlled substance"
illegitimate,illegitimate,criminal_triples/case_11.txt,Lee,also engaged in,illegitimate activity,"At the same time he was running his lawful businesses, Lee also engaged in some illegitimate activity"
illicit,illicit,criminal_triples/case_20.txt,committed,other illicit act on,Internet,At no point during trial or sentencing did the State allege that petitioner contacted a minor--or committed any other illicit act--on the Internet
impeach,impeach,criminal_triples/case_13.txt,parties,impeach,jury verdict with post-trial testimony,"First, Tharpe could not prove juror misconduct because Georgia law did not allow parties to impeach a jury verdict with post-trial testimony from jurors"
impede,impede,criminal_triples/case_16.txt,attempt,impede,administration of internal-revenue laws,"It says that §7212 ""covers all cases where the officer is intimidated or injured; that is, where corruptly, by force or threat of force, directly or by communication, an attempt is made to impede the administration of the internal-revenue laws."
impermissible,impermissible,criminal_triples/case_20.txt,buffer zone,become,impermissible burden under First Amendment,"The Court noted, moreover, that a larger buffer zone could ""become an impermissible burden"" under the First Amendment"
impose,impose,criminal_triples/case_13.txt,Gattie,has,vote impose,The state court's prejudice determination rested on its finding that Gattie's vote to impose the death penalty was not based on Tharpe's race
imprecision,imprecision,criminal_triples/case_18.txt,statistical fact,reflection of,inherent imprecision,"As we explained in Hall, the standard error of measurement is ""a statistical fact, a reflection of the inherent imprecision of the test itself."
imprisonment,imprisonment,criminal_triples/case_12.txt,imprisonment,average period of was,In 1987 just seven years,"In 1987, the average period of imprisonment between death sentence and execution was just over seven years"
improper,improper,criminal_triples/case_11.txt,Lee 's counsel,giving,improper advice,"Applying our two-part test for ineffective assistance claims from Strickland v. Washington, 466 U. S. 668 (1984), the District Court concluded that Lee's counsel had performed deficiently by giving improper advice about the deportation consequences of the plea"
inapt,inapt,criminal_triples/case_15.txt,prosecution,is,For reasons inapt tort analog,"For all these reasons, malicious prosecution is a strikingly inapt ""tort analog[y],"" Wilson, 471 U. S., at 277, for Fourth Amendment violations"
incarceration,incarceration,criminal_triples/case_19.txt,has overturned,has served,all of term of incarceration,"Recovery under the Act is available only to a defendant who has served all or part of a term of incarceration pursuant to a felony conviction, and whose conviction has been overturned for reasons other than insufficiency of evidence or legal error unrelated to actual innocence"
incompetence,incompetence,criminal_triples/case_11.txt,attorney,for,incompetence,"But for his attorney's incompetence, Lee would have known that accepting the plea agreement would certainly lead to deportation"
incomplete,incomplete,criminal_triples/case_19.txt,Court 's discussion,is,incomplete,"The Court's discussion of the issue, which is dictum, is substantially incomplete"
incontinent,incontinent,criminal_triples/case_12.txt,He,is,incontinent,He is incontinent
inconvenient,inconvenient,criminal_triples/case_17.txt,majority,encounters,inconvenient roadblock,"Having completed an arduous detour around the question that we agreed to decide, the majority encounters an inconvenient roadblock: The Court of Appeals has already determined that any error of the sort the majority identifies today was harmless"
incorrect,incorrect,criminal_triples/case_17.txt,This,was,plainly incorrect,This was plainly incorrect
indeterminate,indeterminate,criminal_triples/case_19.txt,trial court,imposed,indeterminate prison sentence,"The trial court imposed an indeterminate prison sentence and ordered him to pay $4,413.00 in costs, fees, and restitution"
indicted,indicted,criminal_triples/case_11.txt,jury,indicted,him,"Lee admitted that the drugs were his, and a grand jury indicted him on one count of possessing ecstasy with intent to distribute"
indictment,indictment,criminal_triples/case_15.txt,indictment,was,based,The effect of that view would be to cut off Manuel's claim on the date of his grand jury indictment (March 30)--even though that indictment (like the County Court's probable-cause proceeding) was entirely based on false testi-mony and even though Manuel remained in detention for 36 days longer
ineffectiveness,ineffectiveness,criminal_triples/case_11.txt,present case,involves,claim of ineffectiveness of counsel,"The present case involves a claim of ineffectiveness of counsel extending to advice specifically undermining the judge's warnings themselves, which the defendant contemporaneously stated on the record he did not understand"
inexorably,inexorably,criminal_triples/case_17.txt,risk,lea to,inexorably conclusion,"lea[d] inexorably to the conclusion that, without the assistance of a psychiatrist to conduct a professional examination on issues relevant to the defense, to help determine whether the insanity defense is viable, to present testimony, and to assist in preparing the cross-examination of a State's psychiatric witnesses, the risk of an inaccurate resolution of sanity issues is extremely high
inexplicably	 criminal_triples/case_13.txt	 Court	 inexplicably declines	 consider 	 Putting aside its misreading of the decision below, the Court inexplicably declines to consider alternative grounds for affirmance
infected	 criminal_triples/case_13.txt	 improper racial animus	 infected	 deliberations of jury 	 One of his claims was that improper racial animus . . . infected the deliberations of the jury."
infringed,infringed,criminal_triples/case_15.txt,defendant officer,infringed,his process rights,"For uncertain reasons, Albright ignored the Fourth Amendment in drafting his complaint; instead, he alleged that the defendant officer had infringed his substantive due process rights"
injured,injured,criminal_triples/case_19.txt,defendant,injured,victims,What if the evidence amply establishes that the defendant injured the victims to whom restitution was paid but the defendant's conviction is reversed on a ground that would be inapplicable in a civil suit
injurious,injurious,criminal_triples/case_17.txt,error,substantial and injurious effect on,outcome of sentencing proceeding,"But the Court of Appeals concluded that, even if Dr. Goff's performance did not satisfy Ake, the error did not have a substantial and injurious effect on the outcome of the sentencing proceeding"
insanity,insanity,criminal_triples/case_17.txt,insanity defense,is viable to,testimony,"lea[d] inexorably to the conclusion that, without the assistance of a psychiatrist to conduct a professional examination on issues relevant to the defense, to help determine whether the insanity defense is viable, to present testimony, and to assist in preparing the cross-examination of a State's psychiatric witnesses, the risk of an inaccurate resolution of sanity issues is extremely high
inserts	 criminal_triples/case_15.txt	 Court	 inserts	 word pretrial 	 Although the Court inserts the word pretrial"" in this sentence, its logic provides no reason for that limitation"
insufficient,insufficient,criminal_triples/case_13.txt,Tharpe 's allegation,was insufficient,he had failed,"Tharpe's allegation of ineffective assistance of counsel was insufficient to establish cause because he had ""failed to establish the requisite deficiency or prejudice."
interfere,interfere,criminal_triples/case_16.txt,defendant,interfere with,pending IRS proceeding,"He argued, among other things, that a violation of the Omnibus Clause requires the Government to show that the defendant had tried to interfere with a ""pending IRS proceeding,"" such as a particular investigation"
interference,interference,criminal_triples/case_16.txt,clause,refers to,specific interference with proceedings,"Rather, the clause as a whole refers to specific interference with targeted governmental tax-related proceedings, such as a particular investigation or audit"
invalidated,invalidated,criminal_triples/case_18.txt,Hall,invalidated,Florida 's IQ cutoff,"Hall invalidated Florida's strict IQ cutoff because the cutoff took ""an IQ score as final and conclusive evidence of a defendant's intellectual capacity, when experts in the field would consider other evidence."
invalidity,invalidity,criminal_triples/case_19.txt,Exoneration Act,does afford process Given,invalidity of convictions,"Given the invalidity of the convictions, does the Exoneration Act afford sufficient process to enable the State to retain the money"
juveniles,juveniles,criminal_triples/case_20.txt,sexual assault,victims of are,often juveniles,"Sex offenders are a serious threat, and ""the victims of sexual assault are most often juveniles."
kidnaped,kidnaped,criminal_triples/case_13.txt,Tharpe,kidnaped,his wife,"After murdering Freeman, Tharpe kidnaped and raped his wife, leaving Freeman's body lying in the ditch"
killing,killing,criminal_triples/case_13.txt,Tharpe,killing,her,"Tharpe shot Freeman, rolled her body into a ditch, reloaded, and shot her again, killing her"
lack,lack,criminal_triples/case_17.txt,his conduct,obvious lack of,regard,"And his crime ""was especially heinous, atrocious, or cruel"": He executed the only potential eyewitness to his robbery, and his conduct during and after the crime showed an ""obvious lack of regard or compassion for the life and human dignity of the victim."
less,less,criminal_triples/case_11.txt,conviction,been,less severe than under judgment,"The Court stated that the defendant in those circumstances ""must show"" a reasonable probability that ""the conviction or sentence, or both, under the offer's terms would have been less severe than under the judgment and sentence that in fact were imposed."
lesser,lesser,criminal_triples/case_11.txt,end result,been favorable by,reason of plea to lesser charge,"The Court emphasized that, in addition to showing a reasonable probability that the defendant ""would have accepted the earlier plea offer,"" it is also ""necessary"" to show a ""reasonable probability that the end result of the criminal process would have been more favorable by reason of a plea to a lesser charge or a sentence of less prison time."
lied,lied,criminal_triples/case_15.txt,technician,lied in,his report,"But the technician lied in his report, claiming that one of the pills was ""found to be . . . positive for the probable presence of ecstasy."
lies,lies,criminal_triples/case_15.txt,right infringed lies,is in,Fourth Amendment .6,"If the complaint is that a form of legal process resulted in pretrial detention unsupported by probable cause, then the right allegedly infringed lies in the Fourth Amendment."
lower,lower,criminal_triples/case_13.txt,lower court,has,opinion find,"In its brief per curiam opinion, the Court misreads a lower court's opinion to find an error that is not there, and then refuses to entertain alternative grounds for affirmance"
malicious,malicious,criminal_triples/case_15.txt,Manuel,analogizes,his claim to common-law tort of malicious prosecution,"Relying on this Court's caselaw, Manuel analogizes his claim to the common-law tort of malicious prosecution"
malingering,malingering,criminal_triples/case_17.txt,his health,was so impaired despite,McWilliams 's malingering,"In light of all this, the defense would have faced an uphill battle in convincing the sentencing judge that, despite McWilliams's consistent malingering, his mental health was so impaired that it constituted a mitigating circumstance and that it outweighed the three aggravators the State proved"
militate,militate,criminal_triples/case_19.txt,considerations,might militate against,blanket rule,"The Court summarily rejects the proposition that "" 'equitable considerations' "" might militate against a blanket rule requiring the refund of money paid as restitution, see ibid., but why is this so"
minimize,minimize,criminal_triples/case_19.txt,numerous pre,minimize,risk,"Colorado also suggests that ""numerous pre- and post-deprivation procedures""--including the need for probable cause to support criminal charges, the jury-trial right, and the State's burden to prove guilt beyond a reasonable doubt--adequately minimize the risk of erroneous deprivation of property"
misapprehends,misapprehends,criminal_triples/case_19.txt,Colorado,misapprehends,Wolfish,Colorado misapprehends Wolfish
miscarriage,miscarriage,criminal_triples/case_19.txt,his conviction,was result of,miscarriage of justice,"More specifically, the Exoneration Act entitles an exonerated defendant to compensation if he was convicted of a felony, was incarcerated, and, among other requirements, can prove by clear and convincing evidence that he is ""actually innocent,"" meaning that his ""conviction was the result of a miscarriage of justice"" or that he is factually innocent"
misdemeanors,misdemeanors,criminal_triples/case_16.txt,certain misdemeanors,is in,Tax Code,"Second, the Court asserts that its reading prevents the Omnibus Clause from overlapping with certain misdemeanors in the Tax Code"
mislead,mislead,criminal_triples/case_16.txt,defendant,of,effort mislead,But the same could have been said of the defendant's effort to mislead the investigating agent in Aguilar
misplaced,misplaced,criminal_triples/case_14.txt,Petitioner 's reliance,is,misplaced,Petitioner's reliance on Rule 4(b)(2) is also misplaced
misreading,misreading,criminal_triples/case_13.txt,Court,Putting,its misreading of decision,"Putting aside its misreading of the decision below, the Court inexplicably declines to consider alternative grounds for affirmance"
misreads,misreads,criminal_triples/case_13.txt,majority,misreads,decision below,"The majority misreads the decision below as resting ""solely"" on prejudice"
mistaken,mistaken,criminal_triples/case_15.txt,Court,is,mistaken,"The Court is mistaken in saying that its decision ""follows from settled precedent."
mistakenly,mistakenly,criminal_triples/case_14.txt,he,reasonably but mistakenly believes,judgment,"As this Court explained in construing Rule 4(a)(2)'s parallel provision for civil cases, the Rule ""was intended to protect the unskilled litigant who files a notice of appeal from a decision that he reasonably but mistakenly believes to be a final judgment, while failing to file a notice of appeal from the actual final judgment."
mitigating,mitigating,criminal_triples/case_17.txt,counsel,has,pretrial motion for psychiatric evaluation of sanity including aspects of mental condition relevant to mitigating circumstances considered in capital case in sentencing stage,"It also granted counsel's pretrial motion for a psychiatric evaluation of McWilliams' sanity, including aspects of his mental condition relevant to ""mitigating circumstances to be considered in a capital case in the sentencing stage."
murdered,murdered,criminal_triples/case_13.txt,Tharpe,murdered,Freeman,"As aggravating factors, the jury found that Tharpe murdered Freeman while committing two other capital felonies--the aggravated kidnapings of his wife and Freeman--and that the murder was outrageously or wantonly vile, horrible, or inhuman"
murdering,murdering,criminal_triples/case_13.txt,Tharpe,murdering,Freeman,"After murdering Freeman, Tharpe kidnaped and raped his wife, leaving Freeman's body lying in the ditch"
negatively,negatively,criminal_triples/case_16.txt,foreseeable,is,defined negatively,"Reasonably foreseeable is again defined negatively as ""not . . . that the defendant knew the IRS may catch onto his unlawful scheme eventually."
neither,neither,criminal_triples/case_16.txt,Marinello,did,neither,"Despite these warnings, Marinello did neither for another four years"
none,none,criminal_triples/case_19.txt,Court,regrettably mentions,none,The Court regrettably mentions none of this
nullity,nullity,criminal_triples/case_18.txt,Atkins,become,nullity,"If the States were to have complete autonomy to define intellectual disability as they wished, we have observed, ""Atkins could become a nullity, and the Eighth Amendment's protection of human dignity would not become a reality."
obstruct,obstruct,criminal_triples/case_16.txt,statutory words obstruct,are,broad,"The statutory words ""obstruct or impede"" are broad"
obstructing,obstructing,criminal_triples/case_16.txt,person,obstructing,administration,"I also agree that the object of these words--the thing a person is prohibited from obstructing the due administration of--is ""this title,"" i.e., Title 26, which contains the entire Tax Code"
obstruction,obstruction,criminal_triples/case_16.txt,Congress,leaving prohibition against,obstruction,"But Congress subsequently deleted the word ""therein,"" leaving only a broadly worded prohibition against obstruction of ""the due administration of justice."
obstructive,obstructive,criminal_triples/case_16.txt,defendant,between,obstructive conduct,"There, the Court required the Government to show there was a ""nexus"" between the defendant's obstructive conduct and a particular judicial proceeding"
odious,odious,criminal_triples/case_13.txt,opinions,are,odious,The opinions in the affidavit are certainly odious
offender,offender,criminal_triples/case_19.txt,defendant,placed on,sex offender registry,"Compensation under the Exoneration Act includes $70,000 per year of incarceration for the wrongful conviction; additional sums per year served while the defendant is under a sentence of death, or placed on parole or probation or on a sex offender registry; compensation for child support payments due during incarceration; tuition waivers at state institutions of higher education for the exonerated person and for any children conceived or legally adopted before the incarceration; and reasonable attorney's fees for bringing an Exoneration Act claim"
offenders,offenders,criminal_triples/case_20.txt,law,arbitrarily burdens,registered sex offenders,"Rather, the law ""arbitrarily burdens all registered sex offenders by preventing a wide range of communication and expressive activity unrelated to achieving its purported goal."
offends,offends,criminal_triples/case_19.txt,it,offends,principle,"Under Medina, a criminal procedure violates due process if ""it offends some principle of justice so rooted in the traditions and conscience of our people as to be ranked as fundamental."
offense,offense,criminal_triples/case_12.txt,he,sequence of,events from offense to his arrest to trial,"In Dr. Goff's opinion, however, Madison does not ""understan[d] the act that . . . he is being punished for"" because he cannot recall ""the sequence of events from the offense to his arrest to the trial or any of those details"" and believes that he ""never went around killing folks."
offenses,offenses,criminal_triples/case_16.txt,Certain misdemeanor offenses,is in,Tax Code,"Certain misdemeanor offenses in the Tax Code--such as failing to obey a summons, §7210--apply to conduct that takes place during a proceeding and, thus, would still violate the Omnibus Clause under the Court's interpretation"
omitted,omitted,criminal_triples/case_13.txt,I,will provide,omitted context,I will briefly provide this omitted context
opposed,opposed,criminal_triples/case_17.txt,State,vigorously opposed,review of question,"The State vigorously opposed review of that question, calling it ""an invitation to conduct factbound error correction,"" Brief in Opposition 13, and we denied review"
opposing,opposing,criminal_triples/case_17.txt,opposing party,of,psychiatrists,"A psychiatrist may, among other things, ""gather facts,"" ""analyze the information gathered and from it draw plausible conclusions,"" and ""know the probative questions to ask of the opposing party's psychiatrists and how to interpret their answers."
opposite,opposite,criminal_triples/case_15.txt,ten others,taking,opposite view,"The Seventh Circuit recognized that its position makes it an outlier among the Courts of Appeals, with ten others taking the opposite view"
opposition,opposition,criminal_triples/case_18.txt,Florida 's rule,was in,direct opposition to views,"The Court's conclusion that Florida's rule was ""in direct opposition to the views of those who design, administer, and interpret the IQ test"" was not enough to decide the case"
outrageously,outrageously,criminal_triples/case_13.txt,murder,was,outrageously vile,"As aggravating factors, the jury found that Tharpe murdered Freeman while committing two other capital felonies--the aggravated kidnapings of his wife and Freeman--and that the murder was outrageously or wantonly vile, horrible, or inhuman"
overrule,overrule,criminal_triples/case_15.txt,court,overrule,Newsome,"The court refused to overrule Newsome and said that ""Manuel's argument is better left for the Supreme Court."
overturned,overturned,criminal_triples/case_13.txt,trial court 's findings,may,may overturned only for error,"See Skilling v. United States, 561 U. S. 358, 396 (2010) (""In reviewing claims [of juror bias], the deference due to district courts is at its pinnacle: 'A trial court's findings of juror impartiality may be overturned only for manifest error' "" (quoting Mu'Min v. Virginia, 500 U. S. 415, 428 (1991)))"
overturns,overturns,criminal_triples/case_18.txt,Court,overturns,CCA 's conclusion,"The Court overturns the CCA's conclusion that Moore failed to present sufficient evidence of both inadequate intellectual functioning and significant deficits in adaptive behavior without even considering ""objective indicia of society's standards"" reflected in the practices among the States"
partisan,partisan,criminal_triples/case_17.txt,partisan defense expert,is,required,"Pol'y 367, 383 (2007) (""The intentions of the Ake Court regarding the role of the expert are not obvious from the opinion""); Giannelli, Ake v. Oklahoma: The Right to Expert Assistance in a Post-Daubert, Post-DNA World, 89 Cornell L. Rev. 1305, 1399 (2004) (""It is uncertain from Ake whether the appointment of a neutral expert (who reports to the court) is sufficient or whether a 'partisan' defense expert is required""); Bailey, Ake v. Oklahoma and an Indigent Defendant's 'Right' to an Expert Witness: A Promise Denied or Imagined"
penalties,penalties,criminal_triples/case_19.txt,defendants,could recover,monetary penalties,"When a conviction was reversed, defendants could recover fines and monetary penalties assessed as part of the conviction"
penalty,penalty,criminal_triples/case_11.txt,Deportation,is,always penalty,"Deportation is always ""a particularly severe penalty,"" Padilla, 559 U. S., at 365 (internal quotation marks omitted), and we have ""recognized that 'preserving the client's right to remain in the United States may be more important to the client than any potential jail sentence,' "" id., at 368 (quoting St. Cyr, 533 U. S., at 322; alteration and some internal quotation marks omitted); see also Padilla, 559 U. S., at 364 (""[D]eportation is an integral part--indeed, sometimes the most important part--of the penalty that may be imposed on noncitizen defendants who plead guilty to specified crimes."
pernicious,pernicious,criminal_triples/case_11.txt,Court 's decision,will have,pernicious consequences for justice system,The Court's decision today will have pernicious consequences for the criminal justice system
poisoning,poisoning,criminal_triples/case_18.txt,he,survived,eating after two bouts of food poisoning,"Cast out of his home, he survived on the streets, eating from trash cans, even after two bouts of food poisoning"
prejudice,prejudice,criminal_triples/case_11.txt,defendant,can show,prejudice,"(a) When a defendant claims that his counsel's deficient performance deprived him of a trial by causing him to accept a plea, the defendant can show prejudice by demonstrating a ""reasonable probability that, but for counsel's errors, he would not have pleaded guilty and would have insisted on going to trial."
prejudiced,prejudiced,criminal_triples/case_11.txt,he,was,prejudiced,Held: Lee has demonstrated that he was prejudiced by his counsel's erroneous advice
prison,prison,criminal_triples/case_11.txt,day,is in,prison,"Based on that assurance, Lee accepted a plea and was sentenced to a year and a day in prison"
prisoner,prisoner,criminal_triples/case_12.txt,Madison,is entitled As,state prisoner,"As a state prisoner, Madison is entitled to federal habeas relief under the Antiterrorism and Effective Death Penalty Act of 1996 (AEDPA) only if the state trial court's adjudication of his incompetence claim ""was contrary to, or involved an unreasonable application of, clearly established Federal law, as determined by"" this Court, or else was ""based on an unreasonable determination of the facts in light of the evidence presented"" in state court"
prisoners,prisoners,criminal_triples/case_12.txt,prisoners,awaiting,execution,That problem concerns the unconscionably long periods of time that prisoners often spend on death row awaiting execution
punish,punish,criminal_triples/case_16.txt,§ 7212,also punish,corrupt solicitation,"According to the House Report, §7212 ""provides for the punishment of threats or threatening acts against agents of the Internal Revenue Service, or any other officer or employee of the United States, or members of the families of such persons, on account of the performance by such agents or officers or employees of their official duties"" and ""will also punish the corrupt solicitation of an internal revenue employee."
punishment,punishment,criminal_triples/case_12.txt,he,being executed as,punishment,"In Panetti, this Court addressed the question whether the Eighth Amendment forbids the execution of a prisoner who lacks ""the mental capacity to understand that [he] is being executed as a punishment for a crime."
punishments,punishments,criminal_triples/case_18.txt,his death sentence,violated,Eighth Amendment 's proscription of punishments,"A state habeas court subsequently determined that, under Atkins v. Virginia, 536 U. S. 304, and Hall v. Florida, 572 U. S. ___, Moore qualified as intellectually disabled and that his death sentence therefore violated the Eighth Amendment's proscription of ""cruel and unusual punishments."
rape,rape,criminal_triples/case_17.txt,Alabama,charged petitioner McWilliams with,rape,"One month after Ake was decided, Alabama charged petitioner McWilliams with rape and murder"
raped,raped,criminal_triples/case_17.txt,McWilliams,raped In,1984,"In 1984, McWilliams ""raped, robbed, and murdered Patricia Vallery Reynolds."
rebuffed,rebuffed,criminal_triples/case_17.txt,he,was,rebuffed,"Rather, he asked for additional help at the judicial sentencing hearing, but was rebuffed"
rebuked,rebuked,criminal_triples/case_18.txt,U. S. ___,rebuked,habeas court,"Just as we have corrected lower courts for taking it upon themselves to dismiss our precedent as outdated, see, e.g., Bosse v. Okla- homa, 580 U. S. ___, ___ (2016) (per curiam) (slip op., at 2), so too the CCA rebuked the habeas court for ignoring binding CCA precedent"
recalcitrant,recalcitrant,criminal_triples/case_16.txt,recalcitrant taxpayer,has,property,"Levy refers to ""a specific mode of collection under which the Secretary of the Treasury distrains and seizes a recalcitrant taxpayer's property."
reject,reject,criminal_triples/case_14.txt,We,reject,each premises,We reject each of these premises
rejecting,rejecting,criminal_triples/case_16.txt,Second Circuit,rejecting,his claim,"The Second Circuit affirmed, rejecting his claim that an Omnibus Clause violation requires the Government to show the defendant tried to interfere with a pending IRS proceeding, such as a particular investigation"
rejection,rejection,criminal_triples/case_19.txt,history,supports,Court 's rejection,This history supports the Court's rejection of the Colorado Exoneration Act's procedures
restraint,restraint,criminal_triples/case_15.txt,Amendment,guaranteed determination as,condition for significant pretrial restraint,"That Amendment, standing alone, guaranteed ""a fair and reliable determination of probable cause as a condition for any significant pretrial restraint."
restraints,restraints,criminal_triples/case_12.txt,restraints,imposed by,Antiterrorism,"But in this case, the restraints imposed by the Antiterrorism and Effective Death Penalty Act of 1996, I agree, preclude consideration of the question"
restrict,restrict,criminal_triples/case_20.txt,States,restrict,dangerous predators,"And this language is bound to be interpreted by some to mean that the States are largely powerless to restrict even the most dangerous sexual predators from visiting any internet sites, including, for example, teenage dating sites and sites designed to permit minors to discuss personal problems with their peers"
restriction,restriction,criminal_triples/case_18.txt,appropriate ways,enforce restriction on,execution of intellectually disabled,"This Court's decision in Atkins v. Virginia, 536 U. S. 304 (2002), the CCA emphasized, ""left it to the States to develop appropriate ways to enforce the constitutional restriction"" on the execution of the intellectually disabled"
restrictions,restrictions,criminal_triples/case_20.txt,restrictions,should apply according to,State,"Therefore, according to the State, the standard applicable to ""time, place, or manner"" restrictions should apply"
restricts,restricts,criminal_triples/case_20.txt,North Carolina statute,restricts,lawful speech,Held: The North Carolina statute impermissibly restricts lawful speech in violation of the First Amendment
retribution,retribution,criminal_triples/case_12.txt,Alabama,seeking,retribution for his criminal act,"Asked at the hearing whether Madison understands that Alabama is seeking retribution against him for his criminal act, Dr. Kirkland answered, ""Certainly."
reversal,reversal,criminal_triples/case_19.txt,fine imposed,has,Where has paid on reversal,"1921) (""Where a fine illegally imposed has been paid, on reversal of the judgment a writ of restitution may issue against the parties who received the fine"")"
reverse,reverse,criminal_triples/case_14.txt,I,would reverse,Eleventh Circuit 's judgment,"Because I would treat the clerk's transmission of the amended judgment as tantamount to, or effectively doing service for, a second appeal notice, I would reverse the Eleventh Circuit's judgment and allow Manrique to include the restitution order in his appeal"
reversed,reversed,criminal_triples/case_11.txt,judgment,is,reversed,"The judgment of the United States Court of Appeals for the Sixth Circuit is reversed, and the case is remanded for further proceedings consistent with this opinion"
risk,risk,criminal_triples/case_17.txt,risk,lea to,inexorably conclusion,"lea[d] inexorably to the conclusion that, without the assistance of a psychiatrist to conduct a professional examination on issues relevant to the defense, to help determine whether the insanity defense is viable, to present testimony, and to assist in preparing the cross-examination of a State's psychiatric witnesses, the risk of an inaccurate resolution of sanity issues is extremely high
risky	 criminal_triples/case_11.txt	 going	 was	 risky 	 The attorney advised Lee that going to trial was very risky"" and that, if he pleaded guilty, he would receive a lighter sentence than he would if convicted at trial"
robbery,robbery,criminal_triples/case_17.txt,McWilliams,had,violent felony convictions for robbery,McWilliams had prior violent felony convictions for first-degree robbery and first-degree rape
robbing,robbing,criminal_triples/case_18.txt,others,robbing,grocery store,"In April 1980, then-20-year-old Bobby James Moore and two others were engaged in robbing a grocery store"
seized,seized,criminal_triples/case_15.txt,Illinois police laboratory,tested,seized pills,"While Manuel was in jail, the Illinois police laboratory tested the seized pills and reported that they contained no controlled substances"
seizure,seizure,criminal_triples/case_15.txt,individual,has,Fourth Amendment right free from unreasonable seizure,"[W]hether an individual's Fourth Amendment right to be free from unreasonable seizure continues beyond legal process so as to allow a malicious prosecution claim based upon the Fourth Amendment
seizures	 criminal_triples/case_15.txt	 Fourth Amendment seizures	 based on	 probable cause 	 79-80; Bailey v. United States, 568 U. S. 186, 192 (2013) ([T]he general rule [is] that Fourth Amendment seizures are 'reasonable' only if based on probable cause to believe that the individual has committed a crime"")"
sentenced,sentenced,criminal_triples/case_11.txt,Lee,was sentenced to,year,"Based on that assurance, Lee accepted a plea and was sentenced to a year and a day in prison"
severe,severe,criminal_triples/case_11.txt,Deportation,is,severe,"Deportation is always ""a particularly severe penalty,"" Padilla, 559 U. S., at 365 (internal quotation marks omitted), and we have ""recognized that 'preserving the client's right to remain in the United States may be more important to the client than any potential jail sentence,' "" id., at 368 (quoting St. Cyr, 533 U. S., at 322; alteration and some internal quotation marks omitted); see also Padilla, 559 U. S., at 364 (""[D]eportation is an integral part--indeed, sometimes the most important part--of the penalty that may be imposed on noncitizen defendants who plead guilty to specified crimes."
shredded,shredded,criminal_triples/case_16.txt,He,shredded,most business records,He shredded or discarded most business records
staggering,staggering,criminal_triples/case_20.txt,it,has,staggering reach,"New York v. Ferber, 458 U. S. 747, 757 (1982)--but it has a staggering reach"
startling,startling,criminal_triples/case_19.txt,It,is,especially startling,It is especially startling to insist that a State must provide a refund after enforcing a restitution judgment on the victims' behalf in reliance on a final judgment that is then vacated on collateral review
strikes,strikes,criminal_triples/case_19.txt,it,strikes under,Mathews,Nor does the Court consider how restitution's unique characteristics might affect the balance that it strikes under Mathews
subpoena,subpoena,criminal_triples/case_17.txt,Alabama Department,respond to,McWilliams 's subpoena for mental health records,"Five weeks before that hearing, the trial court ordered the Alabama Department of Corrections to respond to McWilliams's subpoena for mental health records"
subpoenaed,subpoenaed,criminal_triples/case_17.txt,McWilliams ' counsel,had subpoenaed,further mental health records,"Although McWilliams' counsel had subpoenaed further mental health records from Holman State Prison, where McWilliams was being held, the jury did not have the opportunity to consider them, for, though subpoenaed on August 13, the records had not arrived by August 27, the day of the jury hearing"
sued,sued,criminal_triples/case_15.txt,Albright,sued Oliver under,42 U. S. C. § 1983,"According to the Seventh Circuit, probable cause was sorely lacking, id., at 345, and Albright sued Oliver under 42 U. S. C. §1983, claiming that Oliver had violated his substantive due process right not to be prosecuted without probable cause"
suffers,suffers,criminal_triples/case_18.txt,he,suffers from,intellectual functioning,"Even if [Moore] had proven that he suffers from significantly sub-average general intellectual functioning, the court continued, he failed to prove ""significant and related limitations in adaptive functioning."
suppression,suppression,criminal_triples/case_11.txt,he,seek,suppression,"In that case, the defendant argued that his counsel was constitutionally ineffective because he had failed to seek suppression of his confession before he pleaded no contest"
suspects,suspects,criminal_triples/case_15.txt,seizures,is in,criminal cases including detention of suspects,"In choosing that Amendment ""as the rationale for decision,"" the Court responded to a concurring Justice's view that the Due Process Clause offered the better framework: The Fourth Amendment, the majority countered, was ""tailored explicitly for the criminal justice system, and it[ ] always has been thought to define"" the appropriate process ""for seizures of person[s] . . . in criminal cases, including the detention of suspects pending trial."
suspension,suspension,criminal_triples/case_12.txt,he,petitioned trial court for,suspension of his death sentence,"In 2016, as Madison's execution neared, he petitioned the trial court for a suspension of his death sentence"
suspicions,suspicions,criminal_triples/case_20.txt,Evidence,confirmed,officer 's suspicions,Evidence obtained by search warrant confirmed the officer's suspicions that petitioner was J. R. Gerrard
threat,threat,criminal_triples/case_16.txt,threat,term of,imprisonment,"If the offense under this section occurs in connection with a trial of a criminal case, and the act in violation of this section involves the threat of physical force or physical force, the maximum term of imprisonment which may be imposed for the offense shall be the higher of that otherwise provided by law or the maximum term that could have been imposed for any offense charged in such case"
threats,threats,criminal_triples/case_16.txt,§ 7212,provides for,punishment of threats,"According to the House Report, §7212 ""provides for the punishment of threats or threatening acts against agents of the Internal Revenue Service, or any other officer or employee of the United States, or members of the families of such persons, on account of the performance by such agents or officers or employees of their official duties"" and ""will also punish the corrupt solicitation of an internal revenue employee."
tort,tort,criminal_triples/case_15.txt,Section,creates,species of tort liability,"Section 1983 creates a ""species of tort liability,"" Imbler v. Pachtman, 424 U. S. 409, 417 (1976), for ""the deprivation of any rights, privileges, or immunities secured by the Constitution,"" §1983"
torts,torts,criminal_triples/case_15.txt,court,should look to,common law of torts,"In doing so, the court should look to the common law of torts for guidance, Carey v. Piphus, 435 U. S. 247, 257-258, while also closely attending to the values and purposes of the constitutional right at issue"
traumatic,traumatic,criminal_triples/case_18.txt,medical community,counts,traumatic experiences,"The medical community, however, counts traumatic experiences as risk factors for intellectual disability"
undermine,undermine,criminal_triples/case_11.txt,prospect,undermine,values,"The Court has warned that ""the prospect of collateral challenges"" threatens to undermine these important values"
undermined,undermined,criminal_triples/case_13.txt,nothing,undermined,determination,"The District Court deferred to that credibility determination, and nothing in Pena-Rodriguez undermined that determination"
undermining,undermining,criminal_triples/case_12.txt,periods,undermining,its penological rationale,And we may well have to consider the ways in which lengthy periods of imprisonment between death sentence and execution can deepen the cruelty of the death penalty while at the same time undermining its penological rationale
unfair,unfair,criminal_triples/case_11.txt,unfair procedures,resulted in,conviction,"Guilty pleas ""rarely"" give rise to the ""concern that unfair procedures may have resulted in the conviction of an innocent defendant."
unfavorable,unfavorable,criminal_triples/case_17.txt,court-appointed expert,reaches,conclusion unfavorable to defendant,"And if the court-appointed expert reaches a conclusion unfavorable to the defendant on the issue of sanity or future dangerousness, Ake requires the defense team to live with the expert's unfavorable conclusions"
unfortunate,unfortunate,criminal_triples/case_17.txt,Court,achieves,unfortunate result,"But to make matters worse, the Court achieves this unfortunate result by deciding a separate question on which we expressly declined review"
unfounded,unfounded,criminal_triples/case_15.txt,Fourth Amendment,to,protection against unfounded invasions of liberty,"Accordingly, those detained prior to trial without such a finding could appeal to ""the Fourth Amendment's protection against unfounded invasions of liberty."
unlawful,unlawful,criminal_triples/case_14.txt,amount,is,unlawful,"Rather, he argued on appeal that the amount imposed is unlawful"
unprecedented,unprecedented,criminal_triples/case_19.txt,It,would,would unprecedented,It would be unprecedented to suggest that due process requires unwinding the civil judgment simply because it rests in part on a criminal conviction that has since been reversed
unprofessional,unprofessional,criminal_triples/case_11.txt,result,been different for,counsel 's unprofessional errors,"A defendant raising such a claim can demonstrate prejudice by showing ""a reasonable probability that, but for counsel's unprofessional errors, the result of the proceeding would have been different."
unreasonable,unreasonable,criminal_triples/case_11.txt,Lee,received,objectively unreasonable representation,Everyone agrees that Lee received objectively unreasonable representation
unresolved,unresolved,criminal_triples/case_17.txt,issue,left,unresolved,"L. Rev. 439, 492 (1995) (""The issue left unresolved in Ake"" is whether the defendant has ""merely the right to an evaluation by a neutral mental health expert""); Giannelli et al., The Constitutional Right to Defense Experts, 16 Pub"
unsettling,unsettling,criminal_triples/case_20.txt,It,is,unsettling,It is unsettling to suggest that only a limited set of websites can be used even by persons who have completed their sentences
unsupported,unsupported,criminal_triples/case_15.txt,they,were unsupported by,probable cause,"That the pretrial restraints in Albright arose pursuant to legal process made no difference, given that they were allegedly unsupported by probable cause"
untenable,untenable,criminal_triples/case_13.txt,Court 's reading,is,untenable,The Court's reading of the decision below is untenable
untied,untied,criminal_triples/case_18.txt,invention,untied to,acknowledged source,"Moreover, the several factors Briseno set out as indicators of intellectual disability are an invention of the CCA untied to any acknowledged source"
unusual,unusual,criminal_triples/case_11.txt,we,conclude In,unusual circumstances,"In the unusual circumstances of this case, we conclude that Lee has adequately demonstrated a reasonable probability that he would have rejected the plea had he known that it would lead to mandatory deportation"
unwarranted,unwarranted,criminal_triples/case_17.txt,conclusion,is,unwarranted,"That conclusion is unwarranted, and nothing in the majority opinion prevents the Court of Appeals from reaching the same result on remand"
unwilling,unwilling,criminal_triples/case_17.txt,their expert,be,ultimately unwilling,"As McWilliams concedes, when the only expert available to indigent defendants is one selected by the trial court, these defendants ""face a risk that their expert will ultimately be unwilling or unable to offer testimony that will advance their cause."
unwillingness,unwillingness,criminal_triples/case_17.txt,dissent,calls,our unwillingness,"The dissent calls our unwillingness to resolve the broader question whether Ake clearly established a right to an expert independent from the prosecution a ""most unseemly maneuver."
unwinding,unwinding,criminal_triples/case_19.txt,due process,unwinding,civil judgment,It would be unprecedented to suggest that due process requires unwinding the civil judgment simply because it rests in part on a criminal conviction that has since been reversed
unworthy,unworthy,criminal_triples/case_18.txt,Disregard,dismiss as,unworthy of attention,"Disregard normally means to dismiss as unworthy of attention, and that is plainly not what the CCA did here"
upset,upset,criminal_triples/case_18.txt,I,upset,considered judgment,"But, unlike the Court, I am unwilling to upset the considered judgment of the forensic psychologist that the factfinding court deemed the most credible based on my own interpretation of a few sentences excised from medical texts"
vacate,vacate,criminal_triples/case_11.txt,he,vacate,his conviction,"When Lee learned of this consequence, he filed a motion to vacate his conviction and sentence, arguing that his attorney had provided constitutionally ineffective assistance"
vacated,vacated,criminal_triples/case_18.txt,S. W.,3d,vacated,"470 S. W. 3d 481, vacated and remanded"
violate,violate,criminal_triples/case_15.txt,pretrial detention,can violate,Amendment,"As reflected in those cases, pretrial detention can violate the Fourth Amendment not only when it precedes, but also when it follows, the start of legal process"
violates,violates,criminal_triples/case_15.txt,Court 's decision today,violates,rule,The Court's decision today violates that rule by avoiding the question presented in order to reach an unnecessary and tricky issue
violating,violating,criminal_triples/case_15.txt,officer,violating Amendment without,even hint,"An officer could act unreasonably, thereby violating the Fourth Amendment, without even a hint of bad faith"
violation,violation,criminal_triples/case_14.txt,he,pleaded in,violation of 18 U. S. C. § § 2252,"After federal agents found child pornography on petitioner's computer, he pleaded guilty to possessing a visual depiction of a minor engaging in sexually explicit conduct, in violation of 18 U. S. C. §§2252(a)(4)(B) and (b)(2), an offense requiring a district court to ""make restitution to the victim of the offense,"" §3663A(a)(1)"
violations,violations,criminal_triples/case_15.txt,individual,may seek,damages for Fourth Amendment violations,"By the same token, an individual may seek damages for pretrial Fourth Amendment violations even after a valid conviction"
waived,waived,criminal_triples/case_15.txt,City,waived,its timeliness argument,"On remand, the Seventh Circuit should determine the claim's accrual date, unless it finds that the City has previously waived its timeliness argument"
waiver,waiver,criminal_triples/case_15.txt,addressing,possibility of,waiver,See Reply to Brief in Opposition 1-2 (addressing the possibility of waiver); Tr
waivers,waivers,criminal_triples/case_19.txt,sums,served,tuition waivers at state institutions of higher education for exonerated person for children conceived,"Compensation under the Exoneration Act includes $70,000 per year of incarceration for the wrongful conviction; additional sums per year served while the defendant is under a sentence of death, or placed on parole or probation or on a sex offender registry; compensation for child support payments due during incarceration; tuition waivers at state institutions of higher education for the exonerated person and for any children conceived or legally adopted before the incarceration; and reasonable attorney's fees for bringing an Exoneration Act claim"
weakness,weakness,criminal_triples/case_13.txt,Court,is cognizant of,weakness of Tharpe 's claims,The Court is cognizant of the weakness of Tharpe's claims
withdraw,withdraw,criminal_triples/case_17.txt,defense counsel,moved,withdraw,"During the recess, defense counsel moved to withdraw"
withhold,withhold,criminal_triples/case_19.txt,State,may withhold funds,overturned,"Equitable [c]onsiderations, Colorado suggests, may bear on whether a State may withhold funds from criminal defendants after their convictions are overturned"
withholding,withholding,criminal_triples/case_19.txt,State,withholding,refund,"In that situation, is it true, as the Court proclaims, that the State would have ""no interest"" in withholding a refund"
wrongful,wrongful,criminal_triples/case_15.txt,Manuel,claim for,wrongful arrest under Amendment,So (putting timeliness issues aside) Manuel could bring a claim for wrongful arrest under the Fourth Amendment
wrongfully,wrongfully,criminal_triples/case_19.txt,time,wrongfully spent in,prison,"Statutes providing compensation for time wrongfully spent in prison are a 20th-century innovation: By 1970, only the Federal Government and four States had passed such laws"